execution_id,model,time_model_python
7e1c9a53-c7e4-4a07-9952-1fb6b77c5959,Polyfit,22
7e1c9a53-c7e4-4a07-9952-1fb6b77c5959,CrossCorrelation,3
7e1c9a53-c7e4-4a07-9952-1fb6b77c5959,Multireg,19
21593c72-d732-4c0a-bd0a-0295684beddb,Polyfit,5
21593c72-d732-4c0a-bd0a-0295684beddb,CrossCorrelation,1
21593c72-d732-4c0a-bd0a-0295684beddb,Multireg,3
9e1158fe-c475-406c-90cb-f304c5ff546a,Polyfit,5
2df4b094-536a-4116-befe-3358a08e0f6e,CrossCorrelation,2
4c047ceb-c5cf-449a-a805-a6ffbce93b4b,Multireg,10
531e41c0-d743-4eda-a9f6-ed420086b7f0,Multireg,10
531e41c0-d743-4eda-a9f6-ed420086b7f0,Polyfit,4
3e18c302-c2f2-434b-918c-9148be2de500,Polyfit,7
3e18c302-c2f2-434b-918c-9148be2de500,CrossCorrelation,1
3e18c302-c2f2-434b-918c-9148be2de500,Multireg,10
2b696bd2-199d-4b12-83d6-cf79fb4d6ccd,Polyfit,9
2b696bd2-199d-4b12-83d6-cf79fb4d6ccd,CrossCorrelation,1
2b696bd2-199d-4b12-83d6-cf79fb4d6ccd,Multireg,10
63dfc219-3149-4b51-ba33-e0be41af1d55,Polyfit,10
63dfc219-3149-4b51-ba33-e0be41af1d55,CrossCorrelation,2
63dfc219-3149-4b51-ba33-e0be41af1d55,Multireg,10
df3981d9-2c88-4daa-b152-de7b222b4d27,Polyfit,10
df3981d9-2c88-4daa-b152-de7b222b4d27,CrossCorrelation,2
df3981d9-2c88-4daa-b152-de7b222b4d27,Multireg,10
7cbd3d5a-f6b4-4c57-812c-0df157cd70e6,Polyfit,22
7cbd3d5a-f6b4-4c57-812c-0df157cd70e6,CrossCorrelation,4
7cbd3d5a-f6b4-4c57-812c-0df157cd70e6,Multireg,18
0f570e59-ee32-46ee-8c74-301c0f8276af,Polyfit,26
0f570e59-ee32-46ee-8c74-301c0f8276af,CrossCorrelation,5
0f570e59-ee32-46ee-8c74-301c0f8276af,Multireg,20
7d7a38d2-b555-48e7-b895-641d5cff847c,Polyfit,28
7d7a38d2-b555-48e7-b895-641d5cff847c,CrossCorrelation,5
7d7a38d2-b555-48e7-b895-641d5cff847c,Multireg,21
24eb30ec-8906-4d1e-a8f6-0c6ffe4d2cc4,Polyfit,31
24eb30ec-8906-4d1e-a8f6-0c6ffe4d2cc4,CrossCorrelation,5
24eb30ec-8906-4d1e-a8f6-0c6ffe4d2cc4,Multireg,22
e1a85c09-5872-49ec-9ab1-5b22aac1fde8,Polyfit,90
e1a85c09-5872-49ec-9ab1-5b22aac1fde8,CrossCorrelation,12
e1a85c09-5872-49ec-9ab1-5b22aac1fde8,Multireg,55
78abca64-d8b9-49aa-b237-8add3de86b17,Polyfit,100
78abca64-d8b9-49aa-b237-8add3de86b17,CrossCorrelation,14
78abca64-d8b9-49aa-b237-8add3de86b17,Multireg,48
2e7a356d-c842-4e40-86c6-8cbc3c79c430,Polyfit,6
2e7a356d-c842-4e40-86c6-8cbc3c79c430,CrossCorrelation,1
2e7a356d-c842-4e40-86c6-8cbc3c79c430,Multireg,10
c03d24ac-f87e-4e3c-be3b-392c526c92c1,Polyfit,9
c03d24ac-f87e-4e3c-be3b-392c526c92c1,CrossCorrelation,1
c03d24ac-f87e-4e3c-be3b-392c526c92c1,Multireg,10
09451e59-66da-4acd-a580-c17512479aba,Polyfit,10
09451e59-66da-4acd-a580-c17512479aba,CrossCorrelation,1
09451e59-66da-4acd-a580-c17512479aba,Multireg,10
530f01ba-fc11-4772-811a-41d8e40dee1e,Polyfit,10
530f01ba-fc11-4772-811a-41d8e40dee1e,CrossCorrelation,2
530f01ba-fc11-4772-811a-41d8e40dee1e,Multireg,11
3a92d7a0-fdf2-467a-a776-f552f4bdc412,Polyfit,22
3a92d7a0-fdf2-467a-a776-f552f4bdc412,CrossCorrelation,4
3a92d7a0-fdf2-467a-a776-f552f4bdc412,Multireg,17
70fc3c8c-970a-4328-aec6-f77738aca863,Polyfit,27
70fc3c8c-970a-4328-aec6-f77738aca863,CrossCorrelation,4
70fc3c8c-970a-4328-aec6-f77738aca863,Multireg,16
ca9be6ed-968b-433f-98c7-e7432c38f14a,Polyfit,28
ca9be6ed-968b-433f-98c7-e7432c38f14a,CrossCorrelation,5
ca9be6ed-968b-433f-98c7-e7432c38f14a,Multireg,21
09ebdd06-3729-473b-9761-c09d5df0457f,Polyfit,31
09ebdd06-3729-473b-9761-c09d5df0457f,CrossCorrelation,5
09ebdd06-3729-473b-9761-c09d5df0457f,Multireg,21
b02091b3-a649-4af3-8669-8fd20d3bb8f6,Polyfit,89
b02091b3-a649-4af3-8669-8fd20d3bb8f6,CrossCorrelation,12
b02091b3-a649-4af3-8669-8fd20d3bb8f6,Multireg,55
de3af01b-c3f8-4095-916d-ef5c4794b450,Polyfit,100
de3af01b-c3f8-4095-916d-ef5c4794b450,CrossCorrelation,13
de3af01b-c3f8-4095-916d-ef5c4794b450,Multireg,48
a329a9c5-8fae-409b-a9e7-9e9d1099899f,Polyfit,7
a329a9c5-8fae-409b-a9e7-9e9d1099899f,CrossCorrelation,1
a329a9c5-8fae-409b-a9e7-9e9d1099899f,Multireg,10
d5794d82-bd04-4aff-8bc3-0c0c89385ec3,Polyfit,9
d5794d82-bd04-4aff-8bc3-0c0c89385ec3,CrossCorrelation,1
d5794d82-bd04-4aff-8bc3-0c0c89385ec3,Multireg,10
e093b4ad-5959-400e-ab7a-fd947d43ce7e,Polyfit,9
e093b4ad-5959-400e-ab7a-fd947d43ce7e,CrossCorrelation,2
e093b4ad-5959-400e-ab7a-fd947d43ce7e,Multireg,10
cd243899-0f85-4507-a228-c4314e639a3e,Polyfit,10
cd243899-0f85-4507-a228-c4314e639a3e,CrossCorrelation,2
cd243899-0f85-4507-a228-c4314e639a3e,Multireg,10
75076c2c-4179-44da-a135-a09a262aea42,Polyfit,22
75076c2c-4179-44da-a135-a09a262aea42,CrossCorrelation,4
75076c2c-4179-44da-a135-a09a262aea42,Multireg,18
4abfd890-b74e-4862-8c3f-c655c52294a3,Polyfit,27
4abfd890-b74e-4862-8c3f-c655c52294a3,CrossCorrelation,5
4abfd890-b74e-4862-8c3f-c655c52294a3,Multireg,20
62d3c601-fe49-4ed0-bac7-9309d3d6ade9,Polyfit,28
62d3c601-fe49-4ed0-bac7-9309d3d6ade9,CrossCorrelation,5
62d3c601-fe49-4ed0-bac7-9309d3d6ade9,Multireg,20
6f25a6d0-651d-47e7-80da-51eb678cd78e,Polyfit,30
6f25a6d0-651d-47e7-80da-51eb678cd78e,CrossCorrelation,5
6f25a6d0-651d-47e7-80da-51eb678cd78e,Multireg,21
c9f4294b-5136-4d5c-b121-8253b957d562,Polyfit,88
c9f4294b-5136-4d5c-b121-8253b957d562,CrossCorrelation,12
c9f4294b-5136-4d5c-b121-8253b957d562,Multireg,50
56ebe86d-ce4c-4ddd-80bc-6858a2b36cb2,Polyfit,99
56ebe86d-ce4c-4ddd-80bc-6858a2b36cb2,CrossCorrelation,14
56ebe86d-ce4c-4ddd-80bc-6858a2b36cb2,Multireg,49
0ab5448d-be41-4dc3-8cac-60cd89e0f56c,Polyfit,6
0ab5448d-be41-4dc3-8cac-60cd89e0f56c,CrossCorrelation,1
0ab5448d-be41-4dc3-8cac-60cd89e0f56c,Multireg,10
998b50c3-c900-466c-87ea-e3f033136b3c,Polyfit,9
998b50c3-c900-466c-87ea-e3f033136b3c,CrossCorrelation,1
998b50c3-c900-466c-87ea-e3f033136b3c,Multireg,15
faf4b22d-1fc6-4965-be8b-144807d6a1fe,Polyfit,10
faf4b22d-1fc6-4965-be8b-144807d6a1fe,CrossCorrelation,2
faf4b22d-1fc6-4965-be8b-144807d6a1fe,Multireg,10
bcb5afc9-05e9-48e6-b14d-88ea8b5f2d55,Polyfit,10
bcb5afc9-05e9-48e6-b14d-88ea8b5f2d55,CrossCorrelation,2
bcb5afc9-05e9-48e6-b14d-88ea8b5f2d55,Multireg,10
2aa9081a-84d6-40dd-8116-f985787106df,Polyfit,22
2aa9081a-84d6-40dd-8116-f985787106df,CrossCorrelation,4
2aa9081a-84d6-40dd-8116-f985787106df,Multireg,18
bb50a968-6c76-43b1-97ed-cec5b50640ee,Polyfit,27
bb50a968-6c76-43b1-97ed-cec5b50640ee,CrossCorrelation,5
bb50a968-6c76-43b1-97ed-cec5b50640ee,Multireg,20
bd617cc1-daed-4f87-b439-14cafba6ef6f,Polyfit,29
bd617cc1-daed-4f87-b439-14cafba6ef6f,CrossCorrelation,5
bd617cc1-daed-4f87-b439-14cafba6ef6f,Multireg,21
b21160c1-d0f8-4363-b8e3-f09c09f80029,Polyfit,30
b21160c1-d0f8-4363-b8e3-f09c09f80029,CrossCorrelation,5
b21160c1-d0f8-4363-b8e3-f09c09f80029,Multireg,21
a2b8d10c-a591-4c24-9a9c-f69fd51e26a9,Polyfit,87
a2b8d10c-a591-4c24-9a9c-f69fd51e26a9,CrossCorrelation,12
a2b8d10c-a591-4c24-9a9c-f69fd51e26a9,Multireg,50
e584780c-b542-47ef-890d-fd0ea1f3692c,Polyfit,100
e584780c-b542-47ef-890d-fd0ea1f3692c,CrossCorrelation,14
e584780c-b542-47ef-890d-fd0ea1f3692c,Multireg,48
f58607b1-c852-475f-9941-366130295d63,Polyfit,6
f58607b1-c852-475f-9941-366130295d63,CrossCorrelation,1
f58607b1-c852-475f-9941-366130295d63,Multireg,10
cbdaef69-5f75-4d4c-9fef-a55b788ff736,Polyfit,11
cbdaef69-5f75-4d4c-9fef-a55b788ff736,CrossCorrelation,1
cbdaef69-5f75-4d4c-9fef-a55b788ff736,Multireg,10
6186420b-8839-4156-8dce-d307e5f3f209,Polyfit,9
6186420b-8839-4156-8dce-d307e5f3f209,CrossCorrelation,1
6186420b-8839-4156-8dce-d307e5f3f209,Multireg,10
a267b16b-1e05-46cf-b4ff-0a5a49d58a56,Polyfit,10
a267b16b-1e05-46cf-b4ff-0a5a49d58a56,CrossCorrelation,2
a267b16b-1e05-46cf-b4ff-0a5a49d58a56,Multireg,10
7898bed0-f989-4586-a22e-7e588bcbc394,Polyfit,22
7898bed0-f989-4586-a22e-7e588bcbc394,CrossCorrelation,4
7898bed0-f989-4586-a22e-7e588bcbc394,Multireg,18
2a3fe4f2-f9c2-4c05-ad3c-f1f343ac214e,Polyfit,26
2a3fe4f2-f9c2-4c05-ad3c-f1f343ac214e,CrossCorrelation,5
2a3fe4f2-f9c2-4c05-ad3c-f1f343ac214e,Multireg,20
24205345-b975-4936-82de-0ad6bb000a1f,Polyfit,28
24205345-b975-4936-82de-0ad6bb000a1f,CrossCorrelation,5
24205345-b975-4936-82de-0ad6bb000a1f,Multireg,20
3e477285-3298-4533-b942-cbf74bf03f9a,Polyfit,30
3e477285-3298-4533-b942-cbf74bf03f9a,CrossCorrelation,5
3e477285-3298-4533-b942-cbf74bf03f9a,Multireg,21
b0fa4d51-8bd8-4fcd-81c3-580569afaad6,Polyfit,91
b0fa4d51-8bd8-4fcd-81c3-580569afaad6,CrossCorrelation,12
b0fa4d51-8bd8-4fcd-81c3-580569afaad6,Multireg,54
907dde38-3712-4c13-a40b-ee25b68775aa,Polyfit,100
907dde38-3712-4c13-a40b-ee25b68775aa,CrossCorrelation,14
907dde38-3712-4c13-a40b-ee25b68775aa,Multireg,48
76c37514-c64f-4369-85cf-94fff8530257,Polyfit,6
76c37514-c64f-4369-85cf-94fff8530257,CrossCorrelation,1
76c37514-c64f-4369-85cf-94fff8530257,Multireg,10
70e40eac-2160-441c-99e3-6cd7d0b47335,Polyfit,11
70e40eac-2160-441c-99e3-6cd7d0b47335,CrossCorrelation,1
70e40eac-2160-441c-99e3-6cd7d0b47335,Multireg,10
117581e7-9a12-4b59-b624-4fd330f64b6f,Polyfit,10
117581e7-9a12-4b59-b624-4fd330f64b6f,CrossCorrelation,2
117581e7-9a12-4b59-b624-4fd330f64b6f,Multireg,10
69b89397-1e5b-40eb-82b8-e85e3052edac,Polyfit,10
69b89397-1e5b-40eb-82b8-e85e3052edac,CrossCorrelation,2
69b89397-1e5b-40eb-82b8-e85e3052edac,Multireg,10
0c079f0d-12e6-416c-9745-e665a14ea7da,Polyfit,22
0c079f0d-12e6-416c-9745-e665a14ea7da,CrossCorrelation,4
0c079f0d-12e6-416c-9745-e665a14ea7da,Multireg,18
eac8fd41-f0d8-489c-8e0e-ad36f57bae82,Polyfit,27
eac8fd41-f0d8-489c-8e0e-ad36f57bae82,CrossCorrelation,5
eac8fd41-f0d8-489c-8e0e-ad36f57bae82,Multireg,22
d6ae467f-a49b-42c9-ae80-fc466bc95fdc,Polyfit,29
d6ae467f-a49b-42c9-ae80-fc466bc95fdc,CrossCorrelation,5
d6ae467f-a49b-42c9-ae80-fc466bc95fdc,Multireg,21
13fcd1df-6aea-4888-b7be-28856622fbc5,Polyfit,30
13fcd1df-6aea-4888-b7be-28856622fbc5,CrossCorrelation,5
13fcd1df-6aea-4888-b7be-28856622fbc5,Multireg,21
8b74eb6f-13f9-4bbf-8c5b-4e95e9542e42,Polyfit,89
8b74eb6f-13f9-4bbf-8c5b-4e95e9542e42,CrossCorrelation,12
8b74eb6f-13f9-4bbf-8c5b-4e95e9542e42,Multireg,56
cc914107-8768-4050-bec2-5c307cd7935a,Polyfit,103
cc914107-8768-4050-bec2-5c307cd7935a,CrossCorrelation,15
cc914107-8768-4050-bec2-5c307cd7935a,Multireg,59
1d4a4ab4-9081-454b-a979-4bfe3afe2ef8,Polyfit,7
1d4a4ab4-9081-454b-a979-4bfe3afe2ef8,CrossCorrelation,1
1d4a4ab4-9081-454b-a979-4bfe3afe2ef8,Multireg,10
b3fe44e8-3734-46b0-9339-371be95199fa,Polyfit,11
b3fe44e8-3734-46b0-9339-371be95199fa,CrossCorrelation,1
b3fe44e8-3734-46b0-9339-371be95199fa,Multireg,10
35ad9a85-ac92-4822-8dad-ff2661ff9ba5,Polyfit,10
35ad9a85-ac92-4822-8dad-ff2661ff9ba5,CrossCorrelation,1
35ad9a85-ac92-4822-8dad-ff2661ff9ba5,Multireg,10
5f6af490-c4a0-4e04-9342-766c20b791f6,Polyfit,10
5f6af490-c4a0-4e04-9342-766c20b791f6,CrossCorrelation,2
5f6af490-c4a0-4e04-9342-766c20b791f6,Multireg,10
77762080-c3ff-4fc4-ab47-484c909d7b30,Polyfit,22
77762080-c3ff-4fc4-ab47-484c909d7b30,CrossCorrelation,4
77762080-c3ff-4fc4-ab47-484c909d7b30,Multireg,18
ed2fe190-7323-4b05-b985-658154e5ccd5,Polyfit,30
ed2fe190-7323-4b05-b985-658154e5ccd5,CrossCorrelation,5
ed2fe190-7323-4b05-b985-658154e5ccd5,Multireg,32
b422cba1-1abb-41be-a3d2-9bf47302a0f7,Polyfit,29
b422cba1-1abb-41be-a3d2-9bf47302a0f7,CrossCorrelation,5
b422cba1-1abb-41be-a3d2-9bf47302a0f7,Multireg,22
58223033-a6ac-4915-81ec-7a587e3eb1d4,Polyfit,31
58223033-a6ac-4915-81ec-7a587e3eb1d4,CrossCorrelation,5
58223033-a6ac-4915-81ec-7a587e3eb1d4,Multireg,22
d524ecd5-1380-46fc-b9b8-ad5fdc7db3e3,Polyfit,94
d524ecd5-1380-46fc-b9b8-ad5fdc7db3e3,CrossCorrelation,12
d524ecd5-1380-46fc-b9b8-ad5fdc7db3e3,Multireg,52
ad58616d-4d25-435d-8d26-b241fd7603d7,Polyfit,108
ad58616d-4d25-435d-8d26-b241fd7603d7,CrossCorrelation,15
ad58616d-4d25-435d-8d26-b241fd7603d7,Multireg,59
902c7cba-f87a-45b9-b7cd-245809e68bcb,Polyfit,7
902c7cba-f87a-45b9-b7cd-245809e68bcb,CrossCorrelation,1
902c7cba-f87a-45b9-b7cd-245809e68bcb,Multireg,10
3168c40d-d236-45cc-b753-7abec7b3066f,Polyfit,10
3168c40d-d236-45cc-b753-7abec7b3066f,CrossCorrelation,1
3168c40d-d236-45cc-b753-7abec7b3066f,Multireg,13
9928ad64-1340-40ee-8c3c-9b8ba08cd32c,Polyfit,10
9928ad64-1340-40ee-8c3c-9b8ba08cd32c,CrossCorrelation,1
9928ad64-1340-40ee-8c3c-9b8ba08cd32c,Multireg,10
c4f60532-c849-43d7-9999-cd6d02b12032,Polyfit,10
c4f60532-c849-43d7-9999-cd6d02b12032,CrossCorrelation,2
c4f60532-c849-43d7-9999-cd6d02b12032,Multireg,11
fc9dda6a-09c9-4111-8797-8d8add3500c7,Polyfit,22
fc9dda6a-09c9-4111-8797-8d8add3500c7,CrossCorrelation,4
fc9dda6a-09c9-4111-8797-8d8add3500c7,Multireg,18
c5fa7c3f-561a-485d-a5de-c6f7152767c6,Polyfit,26
c5fa7c3f-561a-485d-a5de-c6f7152767c6,CrossCorrelation,5
c5fa7c3f-561a-485d-a5de-c6f7152767c6,Multireg,20
969f9f62-bd47-461f-879d-abc8cdfaede9,Polyfit,29
969f9f62-bd47-461f-879d-abc8cdfaede9,CrossCorrelation,5
969f9f62-bd47-461f-879d-abc8cdfaede9,Multireg,22
a909d75d-c90e-45d4-bea6-4fae68e00a51,Polyfit,30
a909d75d-c90e-45d4-bea6-4fae68e00a51,CrossCorrelation,5
a909d75d-c90e-45d4-bea6-4fae68e00a51,Multireg,21
5cc02d02-abb4-4e3d-aa13-f082c3b0adb9,Polyfit,91
5cc02d02-abb4-4e3d-aa13-f082c3b0adb9,CrossCorrelation,12
5cc02d02-abb4-4e3d-aa13-f082c3b0adb9,Multireg,55
2a6378a0-a8d7-4787-88ae-4906b96e58a6,Polyfit,101
2a6378a0-a8d7-4787-88ae-4906b96e58a6,CrossCorrelation,14
2a6378a0-a8d7-4787-88ae-4906b96e58a6,Multireg,49
9a78de1e-304d-4b4d-a050-aa934ad9e961,Polyfit,7
9a78de1e-304d-4b4d-a050-aa934ad9e961,CrossCorrelation,1
9a78de1e-304d-4b4d-a050-aa934ad9e961,Multireg,10
a528e740-04b6-4252-8d09-e474f46f9203,Polyfit,9
a528e740-04b6-4252-8d09-e474f46f9203,CrossCorrelation,1
a528e740-04b6-4252-8d09-e474f46f9203,Multireg,10
13f66ce9-b86b-4ffe-835c-26abe3a84aa7,Polyfit,11
13f66ce9-b86b-4ffe-835c-26abe3a84aa7,CrossCorrelation,1
13f66ce9-b86b-4ffe-835c-26abe3a84aa7,Multireg,10
e1392739-26d1-405b-a450-4c6bedd55d49,Polyfit,10
e1392739-26d1-405b-a450-4c6bedd55d49,CrossCorrelation,2
e1392739-26d1-405b-a450-4c6bedd55d49,Multireg,10
920dfe9c-89e6-42eb-b7f1-8078de615051,Polyfit,22
920dfe9c-89e6-42eb-b7f1-8078de615051,CrossCorrelation,4
920dfe9c-89e6-42eb-b7f1-8078de615051,Multireg,18
965d1f59-9e3c-424c-bd7a-93d59dbfeb0a,Polyfit,27
965d1f59-9e3c-424c-bd7a-93d59dbfeb0a,CrossCorrelation,5
965d1f59-9e3c-424c-bd7a-93d59dbfeb0a,Multireg,20
8e462060-f9d6-4d49-aaf4-dacf681079f9,Polyfit,25
8e462060-f9d6-4d49-aaf4-dacf681079f9,CrossCorrelation,5
8e462060-f9d6-4d49-aaf4-dacf681079f9,Multireg,21
fdd365ba-fe36-4357-bb94-37e50ecc710d,Polyfit,30
fdd365ba-fe36-4357-bb94-37e50ecc710d,CrossCorrelation,5
fdd365ba-fe36-4357-bb94-37e50ecc710d,Multireg,22
b7666622-2479-44c8-92ea-0a690c21a500,Polyfit,92
b7666622-2479-44c8-92ea-0a690c21a500,CrossCorrelation,12
b7666622-2479-44c8-92ea-0a690c21a500,Multireg,58
50e287dd-aea9-4568-9eb7-acaece115db4,Polyfit,102
50e287dd-aea9-4568-9eb7-acaece115db4,CrossCorrelation,13
50e287dd-aea9-4568-9eb7-acaece115db4,Multireg,51
1173ee05-bb40-4c81-a94b-fb75bb94b653,Polyfit,6
1173ee05-bb40-4c81-a94b-fb75bb94b653,CrossCorrelation,1
1173ee05-bb40-4c81-a94b-fb75bb94b653,Multireg,10
aa74ec08-8508-49fc-a280-2d849c1fe9da,Polyfit,9
aa74ec08-8508-49fc-a280-2d849c1fe9da,CrossCorrelation,1
aa74ec08-8508-49fc-a280-2d849c1fe9da,Multireg,10
7c00b576-249d-4726-a150-22dd83e121be,Polyfit,11
7c00b576-249d-4726-a150-22dd83e121be,CrossCorrelation,2
7c00b576-249d-4726-a150-22dd83e121be,Multireg,11
b1cd3ce1-4d6c-45d1-b4ce-790578f756f3,Polyfit,12
b1cd3ce1-4d6c-45d1-b4ce-790578f756f3,CrossCorrelation,2
b1cd3ce1-4d6c-45d1-b4ce-790578f756f3,Multireg,13
76f20bd6-6b96-4831-965b-f0e6b6f30674,Polyfit,29
76f20bd6-6b96-4831-965b-f0e6b6f30674,CrossCorrelation,4
76f20bd6-6b96-4831-965b-f0e6b6f30674,Multireg,18
fea227a5-39f5-499d-a975-24731aad27fe,Polyfit,40
fea227a5-39f5-499d-a975-24731aad27fe,CrossCorrelation,7
fea227a5-39f5-499d-a975-24731aad27fe,Multireg,18
056af9ae-ee36-4090-a6a5-2643b140ead3,Polyfit,28
056af9ae-ee36-4090-a6a5-2643b140ead3,CrossCorrelation,5
056af9ae-ee36-4090-a6a5-2643b140ead3,Multireg,21
a32326b0-b0f8-4ae6-a8fb-b9c4878204a0,Polyfit,30
a32326b0-b0f8-4ae6-a8fb-b9c4878204a0,CrossCorrelation,5
a32326b0-b0f8-4ae6-a8fb-b9c4878204a0,Multireg,29
d9508f29-d445-405f-8855-ac20a1b3ee27,Polyfit,95
d9508f29-d445-405f-8855-ac20a1b3ee27,CrossCorrelation,12
d9508f29-d445-405f-8855-ac20a1b3ee27,Multireg,51
f84a6cde-7076-4aa3-8d86-831fae11be0d,Polyfit,101
f84a6cde-7076-4aa3-8d86-831fae11be0d,CrossCorrelation,14
f84a6cde-7076-4aa3-8d86-831fae11be0d,Multireg,49
302dcded-0cec-4483-870b-cdaef4fe1d90,Polyfit,8
302dcded-0cec-4483-870b-cdaef4fe1d90,CrossCorrelation,2
302dcded-0cec-4483-870b-cdaef4fe1d90,Multireg,16
f47da1ea-a2f1-4d92-bf43-2e07da421d34,Polyfit,10
f47da1ea-a2f1-4d92-bf43-2e07da421d34,CrossCorrelation,3
f47da1ea-a2f1-4d92-bf43-2e07da421d34,Multireg,24
12d5a44d-855c-4907-b5bd-471040f8b03e,Polyfit,4
12d5a44d-855c-4907-b5bd-471040f8b03e,CrossCorrelation,1
12d5a44d-855c-4907-b5bd-471040f8b03e,Multireg,10
eaa72b0e-b542-45d2-8dd9-2814ba91e0cd,Polyfit,23
eaa72b0e-b542-45d2-8dd9-2814ba91e0cd,CrossCorrelation,3
eaa72b0e-b542-45d2-8dd9-2814ba91e0cd,Multireg,19
bc359d0a-102c-4525-a11e-40da75206dc8,Polyfit,5
bc359d0a-102c-4525-a11e-40da75206dc8,CrossCorrelation,1
bc359d0a-102c-4525-a11e-40da75206dc8,Multireg,3
e9674a46-ffbc-4263-b1af-5f54c810e05e,Polyfit,24
e9674a46-ffbc-4263-b1af-5f54c810e05e,CrossCorrelation,4
e9674a46-ffbc-4263-b1af-5f54c810e05e,Multireg,19
1ccb50de-3b37-4351-8eb4-d5e2f18e2b7a,Polyfit,10
1ccb50de-3b37-4351-8eb4-d5e2f18e2b7a,CrossCorrelation,3
1ccb50de-3b37-4351-8eb4-d5e2f18e2b7a,Multireg,18
b65cf8e5-0886-48be-b80b-7ef17cbb838f,Polyfit,11
b65cf8e5-0886-48be-b80b-7ef17cbb838f,CrossCorrelation,5
b65cf8e5-0886-48be-b80b-7ef17cbb838f,Multireg,22
0d3ff5cc-e71b-4451-bb86-b0077bdf84d0,Polyfit,19
0d3ff5cc-e71b-4451-bb86-b0077bdf84d0,CrossCorrelation,2
0d3ff5cc-e71b-4451-bb86-b0077bdf84d0,Multireg,16
f2b44c1f-0631-42df-acf6-ef9d700b09f2,Polyfit,4
f2b44c1f-0631-42df-acf6-ef9d700b09f2,CrossCorrelation,1
f2b44c1f-0631-42df-acf6-ef9d700b09f2,Multireg,10
3bc977ee-ca85-46a4-af9b-7b0529738b81,Polyfit,6
3bc977ee-ca85-46a4-af9b-7b0529738b81,CrossCorrelation,1
3bc977ee-ca85-46a4-af9b-7b0529738b81,Multireg,10
2c9981bc-10e8-491b-be32-6799cb4336cb,Polyfit,9
2c9981bc-10e8-491b-be32-6799cb4336cb,CrossCorrelation,1
2c9981bc-10e8-491b-be32-6799cb4336cb,Multireg,10
365ce2c8-a89d-465b-a0e0-1ffae67a6e26,Polyfit,11
365ce2c8-a89d-465b-a0e0-1ffae67a6e26,CrossCorrelation,1
365ce2c8-a89d-465b-a0e0-1ffae67a6e26,Multireg,11
b42995ad-6d29-4d6f-a4d5-2abe5352dab1,Polyfit,10
b42995ad-6d29-4d6f-a4d5-2abe5352dab1,CrossCorrelation,2
b42995ad-6d29-4d6f-a4d5-2abe5352dab1,Multireg,10
a64801c6-3fe9-431b-b208-9a1ae7f67c72,Polyfit,22
a64801c6-3fe9-431b-b208-9a1ae7f67c72,CrossCorrelation,4
a64801c6-3fe9-431b-b208-9a1ae7f67c72,Multireg,18
e51f8a6f-29f8-4aad-b233-0cf33b74b016,Polyfit,35
e51f8a6f-29f8-4aad-b233-0cf33b74b016,CrossCorrelation,14
e51f8a6f-29f8-4aad-b233-0cf33b74b016,Multireg,43
e64201c3-ace5-4a92-8800-a60958a3d69e,Polyfit,29
e64201c3-ace5-4a92-8800-a60958a3d69e,CrossCorrelation,5
e64201c3-ace5-4a92-8800-a60958a3d69e,Multireg,20
2e0ea386-1160-4cbc-9da5-1f68f2c1b2a2,Polyfit,30
2e0ea386-1160-4cbc-9da5-1f68f2c1b2a2,CrossCorrelation,5
2e0ea386-1160-4cbc-9da5-1f68f2c1b2a2,Multireg,21
bbe272ea-4de1-4b22-850b-78f482c91cc1,Polyfit,90
bbe272ea-4de1-4b22-850b-78f482c91cc1,CrossCorrelation,13
bbe272ea-4de1-4b22-850b-78f482c91cc1,Multireg,58
6182ae4a-7332-4b83-ba9a-d1a7b1c6e2fd,Polyfit,96
6182ae4a-7332-4b83-ba9a-d1a7b1c6e2fd,CrossCorrelation,14
6182ae4a-7332-4b83-ba9a-d1a7b1c6e2fd,Multireg,49
d48a6ea1-4b21-43b9-9677-70c66c787d89,Polyfit,4
d48a6ea1-4b21-43b9-9677-70c66c787d89,CrossCorrelation,1
d48a6ea1-4b21-43b9-9677-70c66c787d89,Multireg,10
7c272297-bba0-4893-9d76-188bbd6b6cc0,Polyfit,6
7c272297-bba0-4893-9d76-188bbd6b6cc0,CrossCorrelation,1
7c272297-bba0-4893-9d76-188bbd6b6cc0,Multireg,10
20804ab6-b76c-4d03-a8a5-b20498da1471,Polyfit,9
20804ab6-b76c-4d03-a8a5-b20498da1471,CrossCorrelation,1
20804ab6-b76c-4d03-a8a5-b20498da1471,Multireg,10
dfb1d625-415b-4b39-b420-c7ef342e6047,Polyfit,9
dfb1d625-415b-4b39-b420-c7ef342e6047,CrossCorrelation,1
dfb1d625-415b-4b39-b420-c7ef342e6047,Multireg,10
8118b0f0-19d0-4ac6-a995-96685830855f,Polyfit,10
8118b0f0-19d0-4ac6-a995-96685830855f,CrossCorrelation,2
8118b0f0-19d0-4ac6-a995-96685830855f,Multireg,10
be7355a5-97a2-46d2-942b-be7a420a752f,Polyfit,22
be7355a5-97a2-46d2-942b-be7a420a752f,CrossCorrelation,4
be7355a5-97a2-46d2-942b-be7a420a752f,Multireg,17
e2665c19-7839-4bc6-8f70-2679b36ddc2f,Polyfit,26
e2665c19-7839-4bc6-8f70-2679b36ddc2f,CrossCorrelation,5
e2665c19-7839-4bc6-8f70-2679b36ddc2f,Multireg,19
8dc25c52-e2fc-4659-ab9b-74559e1944dd,Polyfit,28
8dc25c52-e2fc-4659-ab9b-74559e1944dd,CrossCorrelation,5
8dc25c52-e2fc-4659-ab9b-74559e1944dd,Multireg,20
c112e445-30bc-47ac-8aec-7ecc276d8ea1,Polyfit,30
c112e445-30bc-47ac-8aec-7ecc276d8ea1,CrossCorrelation,5
c112e445-30bc-47ac-8aec-7ecc276d8ea1,Multireg,21
45816323-e6a6-4058-84be-aa212673b614,Polyfit,89
45816323-e6a6-4058-84be-aa212673b614,CrossCorrelation,12
45816323-e6a6-4058-84be-aa212673b614,Multireg,54
f20142aa-69f1-4a67-bd04-a4d3076d251b,Polyfit,99
f20142aa-69f1-4a67-bd04-a4d3076d251b,CrossCorrelation,14
f20142aa-69f1-4a67-bd04-a4d3076d251b,Multireg,49
4c917ec8-8a92-49e5-94e6-ed469dd45dc7,Polyfit,4
4c917ec8-8a92-49e5-94e6-ed469dd45dc7,CrossCorrelation,1
4c917ec8-8a92-49e5-94e6-ed469dd45dc7,Multireg,10
297229a2-efb6-4fa0-b5f2-9912b87e9dfc,Polyfit,6
297229a2-efb6-4fa0-b5f2-9912b87e9dfc,CrossCorrelation,1
297229a2-efb6-4fa0-b5f2-9912b87e9dfc,Multireg,10
de7e9c9d-51b8-4aae-b2b6-16a608724d08,Polyfit,9
de7e9c9d-51b8-4aae-b2b6-16a608724d08,CrossCorrelation,1
de7e9c9d-51b8-4aae-b2b6-16a608724d08,Multireg,10
c9df9688-69b0-4a1f-aec8-3fd868cd85f6,Polyfit,9
c9df9688-69b0-4a1f-aec8-3fd868cd85f6,CrossCorrelation,1
c9df9688-69b0-4a1f-aec8-3fd868cd85f6,Multireg,10
a95ea4db-7399-4ae0-b3f4-bdd8fe61b4a9,Polyfit,10
a95ea4db-7399-4ae0-b3f4-bdd8fe61b4a9,CrossCorrelation,2
a95ea4db-7399-4ae0-b3f4-bdd8fe61b4a9,Multireg,10
d2d9ced8-fb7c-4263-864d-d7eb23bae6b2,Polyfit,22
d2d9ced8-fb7c-4263-864d-d7eb23bae6b2,CrossCorrelation,4
d2d9ced8-fb7c-4263-864d-d7eb23bae6b2,Multireg,18
a4501423-8030-4cea-b063-7be34c439752,Polyfit,28
a4501423-8030-4cea-b063-7be34c439752,CrossCorrelation,5
a4501423-8030-4cea-b063-7be34c439752,Multireg,41
2f6ec22b-f2c5-4d60-8325-18f2d13f357f,Polyfit,28
2f6ec22b-f2c5-4d60-8325-18f2d13f357f,CrossCorrelation,5
2f6ec22b-f2c5-4d60-8325-18f2d13f357f,Multireg,20
0d26e1dd-7faa-46ea-ae3f-b6fdd43dbd77,Polyfit,30
0d26e1dd-7faa-46ea-ae3f-b6fdd43dbd77,CrossCorrelation,5
0d26e1dd-7faa-46ea-ae3f-b6fdd43dbd77,Multireg,21
9a898a6b-a134-4064-a4fb-ebc662de7a28,Polyfit,90
9a898a6b-a134-4064-a4fb-ebc662de7a28,CrossCorrelation,12
9a898a6b-a134-4064-a4fb-ebc662de7a28,Multireg,54
3a9fcabd-f9d6-4247-b483-48f3ef09dd55,Polyfit,98
3a9fcabd-f9d6-4247-b483-48f3ef09dd55,CrossCorrelation,14
3a9fcabd-f9d6-4247-b483-48f3ef09dd55,Multireg,49
e6620f3d-7d8b-41f8-9e96-89385d1af9d4,Polyfit,5
e6620f3d-7d8b-41f8-9e96-89385d1af9d4,CrossCorrelation,1
e6620f3d-7d8b-41f8-9e96-89385d1af9d4,Multireg,10
6cc8e0fe-0f10-4aa1-8ece-781ea4b30060,Polyfit,7
6cc8e0fe-0f10-4aa1-8ece-781ea4b30060,CrossCorrelation,1
6cc8e0fe-0f10-4aa1-8ece-781ea4b30060,Multireg,10
f9ba803f-d7f0-4821-a3be-7000f746632e,Polyfit,9
f9ba803f-d7f0-4821-a3be-7000f746632e,CrossCorrelation,1
f9ba803f-d7f0-4821-a3be-7000f746632e,Multireg,10
80b28a03-60bd-40d8-a0ff-6ed0c5ff96d1,Polyfit,10
80b28a03-60bd-40d8-a0ff-6ed0c5ff96d1,CrossCorrelation,1
80b28a03-60bd-40d8-a0ff-6ed0c5ff96d1,Multireg,10
5d376751-a303-4b71-b3db-545fdaa67240,Polyfit,10
5d376751-a303-4b71-b3db-545fdaa67240,CrossCorrelation,2
5d376751-a303-4b71-b3db-545fdaa67240,Multireg,10
0b77feef-a106-4f9c-a716-ca73adb953d3,Polyfit,22
0b77feef-a106-4f9c-a716-ca73adb953d3,CrossCorrelation,4
0b77feef-a106-4f9c-a716-ca73adb953d3,Multireg,18
2bcc96f4-6898-4fa3-9011-3109957315dc,Polyfit,27
2bcc96f4-6898-4fa3-9011-3109957315dc,CrossCorrelation,5
2bcc96f4-6898-4fa3-9011-3109957315dc,Multireg,20
27d0779f-c4e9-407a-bb57-81ebf7449692,Polyfit,32
27d0779f-c4e9-407a-bb57-81ebf7449692,CrossCorrelation,5
27d0779f-c4e9-407a-bb57-81ebf7449692,Multireg,20
66033af9-6daf-4235-951f-6c5e539c4538,Polyfit,30
66033af9-6daf-4235-951f-6c5e539c4538,CrossCorrelation,5
66033af9-6daf-4235-951f-6c5e539c4538,Multireg,22
ac4c2d1e-02e9-423e-bd6a-52f9ee6ddfdc,Polyfit,88
ac4c2d1e-02e9-423e-bd6a-52f9ee6ddfdc,CrossCorrelation,12
ac4c2d1e-02e9-423e-bd6a-52f9ee6ddfdc,Multireg,54
14f4f3c4-18ca-43e6-8aca-7728d61a5d7d,Polyfit,99
14f4f3c4-18ca-43e6-8aca-7728d61a5d7d,CrossCorrelation,13
14f4f3c4-18ca-43e6-8aca-7728d61a5d7d,Multireg,47
3d90ac50-9f8d-4273-b623-bfc814a136e8,Polyfit,4
3d90ac50-9f8d-4273-b623-bfc814a136e8,CrossCorrelation,1
3d90ac50-9f8d-4273-b623-bfc814a136e8,Multireg,10
c05fabfd-19b5-4375-9f45-c08f2b9cb607,Polyfit,6
c05fabfd-19b5-4375-9f45-c08f2b9cb607,CrossCorrelation,1
c05fabfd-19b5-4375-9f45-c08f2b9cb607,Multireg,10
356b7be6-77a1-4eba-a058-d6ea3c55cc44,Polyfit,9
356b7be6-77a1-4eba-a058-d6ea3c55cc44,CrossCorrelation,1
356b7be6-77a1-4eba-a058-d6ea3c55cc44,Multireg,10
6324be0d-8ca4-4322-b886-684ecde18d59,Polyfit,10
6324be0d-8ca4-4322-b886-684ecde18d59,CrossCorrelation,1
6324be0d-8ca4-4322-b886-684ecde18d59,Multireg,10
8cfe9679-9af7-4474-8908-0cace390e19f,Polyfit,10
8cfe9679-9af7-4474-8908-0cace390e19f,CrossCorrelation,2
8cfe9679-9af7-4474-8908-0cace390e19f,Multireg,10
2991352f-6f9f-4ed4-acc4-92dd750c8fe3,Polyfit,25
2991352f-6f9f-4ed4-acc4-92dd750c8fe3,CrossCorrelation,4
2991352f-6f9f-4ed4-acc4-92dd750c8fe3,Multireg,28
f4615178-27c5-4610-89ca-ce4fe673a93f,Polyfit,25
f4615178-27c5-4610-89ca-ce4fe673a93f,CrossCorrelation,5
f4615178-27c5-4610-89ca-ce4fe673a93f,Multireg,20
2a1136a2-62b2-4ec7-b577-3f8fed06f16d,Polyfit,27
2a1136a2-62b2-4ec7-b577-3f8fed06f16d,CrossCorrelation,5
2a1136a2-62b2-4ec7-b577-3f8fed06f16d,Multireg,20
c7bbd730-b219-4eac-972a-6c9d7422c21d,Polyfit,30
c7bbd730-b219-4eac-972a-6c9d7422c21d,CrossCorrelation,5
c7bbd730-b219-4eac-972a-6c9d7422c21d,Multireg,21
66109e91-a224-416c-98ca-52469681293f,Polyfit,88
66109e91-a224-416c-98ca-52469681293f,CrossCorrelation,12
66109e91-a224-416c-98ca-52469681293f,Multireg,54
46f07ffc-7278-4d17-b234-3983428201f8,Polyfit,100
46f07ffc-7278-4d17-b234-3983428201f8,CrossCorrelation,14
46f07ffc-7278-4d17-b234-3983428201f8,Multireg,48
0e1067e0-bec9-4a76-9eb5-cf91cc1ff98f,Polyfit,4
0e1067e0-bec9-4a76-9eb5-cf91cc1ff98f,CrossCorrelation,1
0e1067e0-bec9-4a76-9eb5-cf91cc1ff98f,Multireg,10
f57da4ab-cfa9-4fbf-82f1-32555325aec1,Polyfit,6
f57da4ab-cfa9-4fbf-82f1-32555325aec1,CrossCorrelation,1
f57da4ab-cfa9-4fbf-82f1-32555325aec1,Multireg,10
3b4beda6-5e3e-4f5a-bbb0-5a621466cf3b,Polyfit,9
3b4beda6-5e3e-4f5a-bbb0-5a621466cf3b,CrossCorrelation,1
3b4beda6-5e3e-4f5a-bbb0-5a621466cf3b,Multireg,10
61ca979e-0976-41e6-8c7c-ab4690298e89,Polyfit,10
61ca979e-0976-41e6-8c7c-ab4690298e89,CrossCorrelation,1
61ca979e-0976-41e6-8c7c-ab4690298e89,Multireg,10
7b9617d6-7fb9-4d79-89b1-9a272c0ebc66,Polyfit,10
7b9617d6-7fb9-4d79-89b1-9a272c0ebc66,CrossCorrelation,2
7b9617d6-7fb9-4d79-89b1-9a272c0ebc66,Multireg,10
e70f35b6-7e79-4919-b4a7-c15e187c3706,Polyfit,22
e70f35b6-7e79-4919-b4a7-c15e187c3706,CrossCorrelation,4
e70f35b6-7e79-4919-b4a7-c15e187c3706,Multireg,18
e08c3e67-6744-42c8-abf6-085018831625,Polyfit,26
e08c3e67-6744-42c8-abf6-085018831625,CrossCorrelation,5
e08c3e67-6744-42c8-abf6-085018831625,Multireg,20
e72bdbfd-812a-44b0-a639-882fdc97d286,Polyfit,28
e72bdbfd-812a-44b0-a639-882fdc97d286,CrossCorrelation,5
e72bdbfd-812a-44b0-a639-882fdc97d286,Multireg,23
9fe9b7fc-c646-44d2-9078-2a8da6acbc59,Polyfit,30
9fe9b7fc-c646-44d2-9078-2a8da6acbc59,CrossCorrelation,5
9fe9b7fc-c646-44d2-9078-2a8da6acbc59,Multireg,21
3d8f47e7-2d82-4b73-a0d8-5cf5c565b6a2,Polyfit,90
3d8f47e7-2d82-4b73-a0d8-5cf5c565b6a2,CrossCorrelation,12
3d8f47e7-2d82-4b73-a0d8-5cf5c565b6a2,Multireg,54
d7b2c7f0-ab76-4525-afa2-a18be104f4d0,Polyfit,98
d7b2c7f0-ab76-4525-afa2-a18be104f4d0,CrossCorrelation,13
d7b2c7f0-ab76-4525-afa2-a18be104f4d0,Multireg,48
0912d586-c116-4ac9-8f4c-a14b726a4ca7,Polyfit,4
0912d586-c116-4ac9-8f4c-a14b726a4ca7,CrossCorrelation,1
0912d586-c116-4ac9-8f4c-a14b726a4ca7,Multireg,10
25a165ec-94b1-40e2-9af5-1fa62f97e4c1,Polyfit,6
25a165ec-94b1-40e2-9af5-1fa62f97e4c1,CrossCorrelation,1
25a165ec-94b1-40e2-9af5-1fa62f97e4c1,Multireg,10
b3045484-d8e8-476c-980a-2c8e956c5caa,Polyfit,9
b3045484-d8e8-476c-980a-2c8e956c5caa,CrossCorrelation,1
b3045484-d8e8-476c-980a-2c8e956c5caa,Multireg,10
bfa767cf-50f4-48fc-8e00-bd65ca3cd131,Polyfit,9
bfa767cf-50f4-48fc-8e00-bd65ca3cd131,CrossCorrelation,1
bfa767cf-50f4-48fc-8e00-bd65ca3cd131,Multireg,10
5b38c9bd-b50a-4cb8-b7a5-16ef22662749,Polyfit,10
5b38c9bd-b50a-4cb8-b7a5-16ef22662749,CrossCorrelation,2
5b38c9bd-b50a-4cb8-b7a5-16ef22662749,Multireg,10
6804f335-0a37-414d-8fba-52c449e32118,Polyfit,22
6804f335-0a37-414d-8fba-52c449e32118,CrossCorrelation,4
6804f335-0a37-414d-8fba-52c449e32118,Multireg,18
58083e40-564f-4db2-9c39-d85edfcd8e5f,Polyfit,27
58083e40-564f-4db2-9c39-d85edfcd8e5f,CrossCorrelation,5
58083e40-564f-4db2-9c39-d85edfcd8e5f,Multireg,20
6b0fa728-e9f0-4fe3-920e-d85058d538d7,Polyfit,27
6b0fa728-e9f0-4fe3-920e-d85058d538d7,CrossCorrelation,5
6b0fa728-e9f0-4fe3-920e-d85058d538d7,Multireg,20
890cf1d8-6bb2-4dd4-926b-55cf4c01d980,Polyfit,30
890cf1d8-6bb2-4dd4-926b-55cf4c01d980,CrossCorrelation,5
890cf1d8-6bb2-4dd4-926b-55cf4c01d980,Multireg,21
f4a4192a-f128-4ffe-ac49-8d691e42c56c,Polyfit,95
f4a4192a-f128-4ffe-ac49-8d691e42c56c,CrossCorrelation,13
f4a4192a-f128-4ffe-ac49-8d691e42c56c,Multireg,70
06e5eb5d-e62d-424c-9dd3-66a37cbf2f90,Polyfit,101
06e5eb5d-e62d-424c-9dd3-66a37cbf2f90,CrossCorrelation,14
06e5eb5d-e62d-424c-9dd3-66a37cbf2f90,Multireg,47
32d9460c-8410-4df0-919f-062cd58ebf89,Polyfit,4
32d9460c-8410-4df0-919f-062cd58ebf89,CrossCorrelation,1
32d9460c-8410-4df0-919f-062cd58ebf89,Multireg,10
ce3aed4e-6559-48f3-82c6-c088adb6fb2c,Polyfit,6
ce3aed4e-6559-48f3-82c6-c088adb6fb2c,CrossCorrelation,1
ce3aed4e-6559-48f3-82c6-c088adb6fb2c,Multireg,10
86b43a77-0331-4366-87a8-e1fac2efb5dd,Polyfit,10
86b43a77-0331-4366-87a8-e1fac2efb5dd,CrossCorrelation,1
86b43a77-0331-4366-87a8-e1fac2efb5dd,Multireg,10
e7c3cd49-64f1-425b-81f0-0ab0ed9c91dc,Polyfit,10
e7c3cd49-64f1-425b-81f0-0ab0ed9c91dc,CrossCorrelation,1
e7c3cd49-64f1-425b-81f0-0ab0ed9c91dc,Multireg,10
ed15b27b-36f1-442c-a54a-3acf112ab2da,Polyfit,10
ed15b27b-36f1-442c-a54a-3acf112ab2da,CrossCorrelation,2
ed15b27b-36f1-442c-a54a-3acf112ab2da,Multireg,11
945cafa8-0727-4f95-b5a3-342a65be5265,Polyfit,22
945cafa8-0727-4f95-b5a3-342a65be5265,CrossCorrelation,4
945cafa8-0727-4f95-b5a3-342a65be5265,Multireg,18
989c7ef6-1c7c-4975-b19c-d05d627bb2f6,Polyfit,39
989c7ef6-1c7c-4975-b19c-d05d627bb2f6,CrossCorrelation,5
989c7ef6-1c7c-4975-b19c-d05d627bb2f6,Multireg,20
e2e0fbce-4bb5-4733-906e-5135acc79085,Polyfit,28
e2e0fbce-4bb5-4733-906e-5135acc79085,CrossCorrelation,5
e2e0fbce-4bb5-4733-906e-5135acc79085,Multireg,21
65c5415e-1337-421f-92ff-4204fe07ef75,Polyfit,29
65c5415e-1337-421f-92ff-4204fe07ef75,CrossCorrelation,5
65c5415e-1337-421f-92ff-4204fe07ef75,Multireg,22
78adb108-2193-48ec-b1f5-a76e6aee91dc,Polyfit,90
78adb108-2193-48ec-b1f5-a76e6aee91dc,CrossCorrelation,12
78adb108-2193-48ec-b1f5-a76e6aee91dc,Multireg,55
6abe2120-535c-4832-a250-4842929fc2d0,Polyfit,98
6abe2120-535c-4832-a250-4842929fc2d0,CrossCorrelation,14
6abe2120-535c-4832-a250-4842929fc2d0,Multireg,49
372a516d-b81c-492c-8ce1-1adda363afc7,Polyfit,4
372a516d-b81c-492c-8ce1-1adda363afc7,CrossCorrelation,1
372a516d-b81c-492c-8ce1-1adda363afc7,Multireg,10
cd5ade95-cbe2-4718-87ce-09f835bfe43b,Polyfit,7
cd5ade95-cbe2-4718-87ce-09f835bfe43b,CrossCorrelation,1
cd5ade95-cbe2-4718-87ce-09f835bfe43b,Multireg,10
c616d17a-72d0-42d8-8c90-ed13a1e83479,Polyfit,9
c616d17a-72d0-42d8-8c90-ed13a1e83479,CrossCorrelation,1
c616d17a-72d0-42d8-8c90-ed13a1e83479,Multireg,10
f900638c-b05a-4e4b-a521-fcba0dc113a3,Polyfit,10
f900638c-b05a-4e4b-a521-fcba0dc113a3,CrossCorrelation,1
f900638c-b05a-4e4b-a521-fcba0dc113a3,Multireg,10
7ddc7151-66a1-4df8-9a1c-0d908b503c29,Polyfit,10
7ddc7151-66a1-4df8-9a1c-0d908b503c29,CrossCorrelation,2
7ddc7151-66a1-4df8-9a1c-0d908b503c29,Multireg,10
fdd96e1e-8d63-46f3-a233-809c0ec9d0db,Polyfit,22
fdd96e1e-8d63-46f3-a233-809c0ec9d0db,CrossCorrelation,4
fdd96e1e-8d63-46f3-a233-809c0ec9d0db,Multireg,18
82781131-1982-448c-be7b-8756d23d97ed,Polyfit,27
82781131-1982-448c-be7b-8756d23d97ed,CrossCorrelation,5
82781131-1982-448c-be7b-8756d23d97ed,Multireg,20
6d19d558-adf2-4020-b03c-04581f212d07,Polyfit,29
6d19d558-adf2-4020-b03c-04581f212d07,CrossCorrelation,5
6d19d558-adf2-4020-b03c-04581f212d07,Multireg,21
f906f531-3d21-4893-911b-1ff7424dac58,Polyfit,30
f906f531-3d21-4893-911b-1ff7424dac58,CrossCorrelation,5
f906f531-3d21-4893-911b-1ff7424dac58,Multireg,21
2df29d8f-4dc0-45ed-9dec-1de169f6e6b9,Polyfit,91
2df29d8f-4dc0-45ed-9dec-1de169f6e6b9,CrossCorrelation,15
2df29d8f-4dc0-45ed-9dec-1de169f6e6b9,Multireg,55
c1be2b86-00e8-4199-957d-5049c3a7cd99,Polyfit,96
c1be2b86-00e8-4199-957d-5049c3a7cd99,CrossCorrelation,14
c1be2b86-00e8-4199-957d-5049c3a7cd99,Multireg,49
c0bd60b4-84aa-4e98-9f07-9d89638ce283,Polyfit,4
c0bd60b4-84aa-4e98-9f07-9d89638ce283,CrossCorrelation,1
c0bd60b4-84aa-4e98-9f07-9d89638ce283,Multireg,10
ed95f061-34bd-41fe-9942-cf052ba489ad,Polyfit,6
ed95f061-34bd-41fe-9942-cf052ba489ad,CrossCorrelation,1
ed95f061-34bd-41fe-9942-cf052ba489ad,Multireg,10
826d052b-9461-4426-b8a8-361ebf3d0e2c,Polyfit,9
826d052b-9461-4426-b8a8-361ebf3d0e2c,CrossCorrelation,1
826d052b-9461-4426-b8a8-361ebf3d0e2c,Multireg,10
4f15b2ac-a7d1-4cd5-a953-9df53fcdfdff,Polyfit,10
4f15b2ac-a7d1-4cd5-a953-9df53fcdfdff,CrossCorrelation,1
4f15b2ac-a7d1-4cd5-a953-9df53fcdfdff,Multireg,10
5aa09544-1c77-4606-8a48-64fa9ab3e841,Polyfit,10
5aa09544-1c77-4606-8a48-64fa9ab3e841,CrossCorrelation,2
5aa09544-1c77-4606-8a48-64fa9ab3e841,Multireg,10
e7db1b32-f920-40a3-a566-3f785f9ce3b3,Polyfit,22
e7db1b32-f920-40a3-a566-3f785f9ce3b3,CrossCorrelation,4
e7db1b32-f920-40a3-a566-3f785f9ce3b3,Multireg,17
2e46408d-8a61-4255-98d8-ec674c62a1f9,Polyfit,27
2e46408d-8a61-4255-98d8-ec674c62a1f9,CrossCorrelation,5
2e46408d-8a61-4255-98d8-ec674c62a1f9,Multireg,20
fdb5c4f2-c16a-431a-8005-76dd47842f48,Polyfit,28
fdb5c4f2-c16a-431a-8005-76dd47842f48,CrossCorrelation,5
fdb5c4f2-c16a-431a-8005-76dd47842f48,Multireg,21
d317fd91-f21f-4308-b7a9-3c7649fe267b,Polyfit,30
d317fd91-f21f-4308-b7a9-3c7649fe267b,CrossCorrelation,5
d317fd91-f21f-4308-b7a9-3c7649fe267b,Multireg,22
ca4f63fa-a7a1-459c-8aec-d368d4f00a55,Polyfit,89
ca4f63fa-a7a1-459c-8aec-d368d4f00a55,CrossCorrelation,12
ca4f63fa-a7a1-459c-8aec-d368d4f00a55,Multireg,54
36be74b6-b315-47bc-9594-cd73c340c69a,Polyfit,95
36be74b6-b315-47bc-9594-cd73c340c69a,CrossCorrelation,14
36be74b6-b315-47bc-9594-cd73c340c69a,Multireg,46
bf5a4229-b1fa-4b48-aa45-03858f87c7ff,Polyfit,22
bf5a4229-b1fa-4b48-aa45-03858f87c7ff,CrossCorrelation,3
bf5a4229-b1fa-4b48-aa45-03858f87c7ff,Multireg,19
e75af6f3-fb81-4959-9b63-79f1784a8d99,Polyfit,23
e75af6f3-fb81-4959-9b63-79f1784a8d99,CrossCorrelation,4
e75af6f3-fb81-4959-9b63-79f1784a8d99,Multireg,20
4b7d1c96-6ed7-4912-b0e1-5b50e40ca3c9,Polyfit,22
4b7d1c96-6ed7-4912-b0e1-5b50e40ca3c9,CrossCorrelation,5
4b7d1c96-6ed7-4912-b0e1-5b50e40ca3c9,Multireg,19
597656c3-bffa-4150-96f5-fc38ad4995f6,Polyfit,5
597656c3-bffa-4150-96f5-fc38ad4995f6,CrossCorrelation,1
597656c3-bffa-4150-96f5-fc38ad4995f6,Multireg,3
08896d68-6056-4fc8-8a1e-cbf4bae088e9,Polyfit,4
c79c136e-2580-422b-8885-5df1570691ee,CrossCorrelation,2
4d87b2b2-9abe-446b-9863-786bcb839680,Multireg,10
e86f020a-5bc8-457a-a4d8-979ef2248ae8,Multireg,10
e86f020a-5bc8-457a-a4d8-979ef2248ae8,Polyfit,4
5a4c7317-9ffe-4d3c-8986-95a286fd0ae1,Polyfit,4
5a4c7317-9ffe-4d3c-8986-95a286fd0ae1,CrossCorrelation,2
5a4c7317-9ffe-4d3c-8986-95a286fd0ae1,Multireg,11
cedf16b8-6fe1-474f-99cc-4a082f3dc21c,Polyfit,6
cedf16b8-6fe1-474f-99cc-4a082f3dc21c,CrossCorrelation,2
cedf16b8-6fe1-474f-99cc-4a082f3dc21c,Multireg,9
b5273cde-203b-4382-ad35-e5c48655cbce,Polyfit,9
b5273cde-203b-4382-ad35-e5c48655cbce,CrossCorrelation,2
b5273cde-203b-4382-ad35-e5c48655cbce,Multireg,10
903f34d0-eb00-45b6-bd89-8616f081a301,Polyfit,11
903f34d0-eb00-45b6-bd89-8616f081a301,CrossCorrelation,2
903f34d0-eb00-45b6-bd89-8616f081a301,Multireg,10
67807b4a-c4e3-4cb9-80fd-74d942bc6139,Polyfit,10
67807b4a-c4e3-4cb9-80fd-74d942bc6139,CrossCorrelation,2
67807b4a-c4e3-4cb9-80fd-74d942bc6139,Multireg,10
bfa02497-1346-4564-93b0-bcc4e4c7b892,Polyfit,21
bfa02497-1346-4564-93b0-bcc4e4c7b892,CrossCorrelation,5
bfa02497-1346-4564-93b0-bcc4e4c7b892,Multireg,17
179df6ad-84d1-4363-8254-9ee6ba717db1,Polyfit,27
179df6ad-84d1-4363-8254-9ee6ba717db1,CrossCorrelation,6
179df6ad-84d1-4363-8254-9ee6ba717db1,Multireg,19
ee3b22e8-1334-45e4-b55a-abb425b7e032,Polyfit,27
ee3b22e8-1334-45e4-b55a-abb425b7e032,CrossCorrelation,6
ee3b22e8-1334-45e4-b55a-abb425b7e032,Multireg,20
ce793429-18e9-49c4-b846-dc3d57823b2d,Polyfit,30
ce793429-18e9-49c4-b846-dc3d57823b2d,CrossCorrelation,6
ce793429-18e9-49c4-b846-dc3d57823b2d,Multireg,21
977c0018-a72d-494c-991f-989a06d6b349,Polyfit,89
977c0018-a72d-494c-991f-989a06d6b349,CrossCorrelation,14
977c0018-a72d-494c-991f-989a06d6b349,Multireg,54
b856fc90-e742-47d9-a3b3-a2de6796d0c7,Polyfit,99
b856fc90-e742-47d9-a3b3-a2de6796d0c7,CrossCorrelation,15
b856fc90-e742-47d9-a3b3-a2de6796d0c7,Multireg,48
051d9faf-810c-42a2-a540-79ab7f276f10,Polyfit,4
051d9faf-810c-42a2-a540-79ab7f276f10,CrossCorrelation,2
051d9faf-810c-42a2-a540-79ab7f276f10,Multireg,9
8e92b322-bc7d-4029-8dff-ac8dc8578f74,Polyfit,6
8e92b322-bc7d-4029-8dff-ac8dc8578f74,CrossCorrelation,2
8e92b322-bc7d-4029-8dff-ac8dc8578f74,Multireg,9
f51ceb85-cf7d-4527-846d-1c8edea9cdec,Polyfit,9
f51ceb85-cf7d-4527-846d-1c8edea9cdec,CrossCorrelation,3
f51ceb85-cf7d-4527-846d-1c8edea9cdec,Multireg,12
32fb597a-5b8e-4562-89ba-1eb2864a4cca,Polyfit,9
32fb597a-5b8e-4562-89ba-1eb2864a4cca,CrossCorrelation,2
32fb597a-5b8e-4562-89ba-1eb2864a4cca,Multireg,10
7966f9fd-06d8-422b-81c8-f26fe1b265fd,Polyfit,10
7966f9fd-06d8-422b-81c8-f26fe1b265fd,CrossCorrelation,3
7966f9fd-06d8-422b-81c8-f26fe1b265fd,Multireg,10
f05e575c-981c-422d-a7e2-000a426d2397,Polyfit,22
f05e575c-981c-422d-a7e2-000a426d2397,CrossCorrelation,5
f05e575c-981c-422d-a7e2-000a426d2397,Multireg,17
cc7fca72-a12c-40dc-b002-fbf55748ad05,Polyfit,25
cc7fca72-a12c-40dc-b002-fbf55748ad05,CrossCorrelation,6
cc7fca72-a12c-40dc-b002-fbf55748ad05,Multireg,19
a8be5b69-75dc-4421-8a96-36fece0dd9d0,Polyfit,28
a8be5b69-75dc-4421-8a96-36fece0dd9d0,CrossCorrelation,6
a8be5b69-75dc-4421-8a96-36fece0dd9d0,Multireg,20
68211895-b0cb-4980-805c-68b18dfbd279,Polyfit,30
68211895-b0cb-4980-805c-68b18dfbd279,CrossCorrelation,6
68211895-b0cb-4980-805c-68b18dfbd279,Multireg,21
6cfdfe86-fbdf-4348-9cc1-5048e56ced95,Polyfit,88
6cfdfe86-fbdf-4348-9cc1-5048e56ced95,CrossCorrelation,14
6cfdfe86-fbdf-4348-9cc1-5048e56ced95,Multireg,53
3b4374f3-0732-4b7f-bf5a-254159118ee6,Polyfit,98
3b4374f3-0732-4b7f-bf5a-254159118ee6,CrossCorrelation,15
3b4374f3-0732-4b7f-bf5a-254159118ee6,Multireg,48
87c3a2c8-39d3-4ee5-931d-99548969360f,Polyfit,4
87c3a2c8-39d3-4ee5-931d-99548969360f,CrossCorrelation,2
87c3a2c8-39d3-4ee5-931d-99548969360f,Multireg,10
d17ddd77-ebb6-4440-be38-5707bc8f8121,Polyfit,6
d17ddd77-ebb6-4440-be38-5707bc8f8121,CrossCorrelation,2
d17ddd77-ebb6-4440-be38-5707bc8f8121,Multireg,9
fd12ad01-f529-4119-acd0-57baffd340c0,Polyfit,9
fd12ad01-f529-4119-acd0-57baffd340c0,CrossCorrelation,2
fd12ad01-f529-4119-acd0-57baffd340c0,Multireg,10
03a240f8-c5e0-43b0-a9cb-c9fe32a18a2c,Polyfit,9
03a240f8-c5e0-43b0-a9cb-c9fe32a18a2c,CrossCorrelation,2
03a240f8-c5e0-43b0-a9cb-c9fe32a18a2c,Multireg,10
b860b382-e2a6-4a71-82e8-730c8dd70b02,Polyfit,10
b860b382-e2a6-4a71-82e8-730c8dd70b02,CrossCorrelation,2
b860b382-e2a6-4a71-82e8-730c8dd70b02,Multireg,10
0f79eaca-83a0-4128-8ae0-7000327cfe3c,Polyfit,21
0f79eaca-83a0-4128-8ae0-7000327cfe3c,CrossCorrelation,5
0f79eaca-83a0-4128-8ae0-7000327cfe3c,Multireg,21
af47db63-9991-4f09-839a-3eeef6fb05e6,Polyfit,25
af47db63-9991-4f09-839a-3eeef6fb05e6,CrossCorrelation,6
af47db63-9991-4f09-839a-3eeef6fb05e6,Multireg,19
7270400a-c94d-49c4-83a4-a88c37c9492c,Polyfit,27
7270400a-c94d-49c4-83a4-a88c37c9492c,CrossCorrelation,6
7270400a-c94d-49c4-83a4-a88c37c9492c,Multireg,20
81f72ff5-6508-4677-889d-6ea8830a8621,Polyfit,29
81f72ff5-6508-4677-889d-6ea8830a8621,CrossCorrelation,6
81f72ff5-6508-4677-889d-6ea8830a8621,Multireg,21
9121932d-0331-4dbc-a4c4-e51f88625074,Polyfit,89
9121932d-0331-4dbc-a4c4-e51f88625074,CrossCorrelation,14
9121932d-0331-4dbc-a4c4-e51f88625074,Multireg,54
a887f52b-9296-4105-a8bf-4a769b02308e,Polyfit,98
a887f52b-9296-4105-a8bf-4a769b02308e,CrossCorrelation,15
a887f52b-9296-4105-a8bf-4a769b02308e,Multireg,48
1984c74b-30c0-4804-af8d-db963fcc888a,Polyfit,4
1984c74b-30c0-4804-af8d-db963fcc888a,CrossCorrelation,2
1984c74b-30c0-4804-af8d-db963fcc888a,Multireg,9
9c962b16-4b14-499e-b01c-7e58a462dcd1,Polyfit,6
9c962b16-4b14-499e-b01c-7e58a462dcd1,CrossCorrelation,2
9c962b16-4b14-499e-b01c-7e58a462dcd1,Multireg,9
8241b33a-f1a7-492f-ba5f-7681e8a050ce,Polyfit,9
8241b33a-f1a7-492f-ba5f-7681e8a050ce,CrossCorrelation,2
8241b33a-f1a7-492f-ba5f-7681e8a050ce,Multireg,10
65fd45f0-e7bc-446b-836a-0f9e64927bda,Polyfit,9
65fd45f0-e7bc-446b-836a-0f9e64927bda,CrossCorrelation,2
65fd45f0-e7bc-446b-836a-0f9e64927bda,Multireg,10
808fcf0a-df34-4831-b8f3-b73534091d66,Polyfit,10
808fcf0a-df34-4831-b8f3-b73534091d66,CrossCorrelation,2
808fcf0a-df34-4831-b8f3-b73534091d66,Multireg,10
d4defc6c-3a3a-410a-9d3a-08919c459248,Polyfit,21
d4defc6c-3a3a-410a-9d3a-08919c459248,CrossCorrelation,5
d4defc6c-3a3a-410a-9d3a-08919c459248,Multireg,17
91140ac6-7254-4fee-b01d-febcce22b1f8,Polyfit,26
91140ac6-7254-4fee-b01d-febcce22b1f8,CrossCorrelation,6
91140ac6-7254-4fee-b01d-febcce22b1f8,Multireg,19
60af8c6b-f4fc-4dea-8df0-8fd3a743538f,Polyfit,27
60af8c6b-f4fc-4dea-8df0-8fd3a743538f,CrossCorrelation,6
60af8c6b-f4fc-4dea-8df0-8fd3a743538f,Multireg,20
ee3e3940-7924-4acc-a4c3-3580a6544024,Polyfit,29
ee3e3940-7924-4acc-a4c3-3580a6544024,CrossCorrelation,6
ee3e3940-7924-4acc-a4c3-3580a6544024,Multireg,21
d751e01b-f011-4db2-b1fa-005685eb807c,Polyfit,89
d751e01b-f011-4db2-b1fa-005685eb807c,CrossCorrelation,14
d751e01b-f011-4db2-b1fa-005685eb807c,Multireg,53
e9117c84-feab-43c4-8685-691b84d8f5ae,Polyfit,98
e9117c84-feab-43c4-8685-691b84d8f5ae,CrossCorrelation,16
e9117c84-feab-43c4-8685-691b84d8f5ae,Multireg,49
221d5ca1-ad1d-4bad-89d0-bed4c270e416,Polyfit,4
221d5ca1-ad1d-4bad-89d0-bed4c270e416,CrossCorrelation,2
221d5ca1-ad1d-4bad-89d0-bed4c270e416,Multireg,9
bf227f58-33fb-4b57-83b0-3568c99daaa7,Polyfit,6
bf227f58-33fb-4b57-83b0-3568c99daaa7,CrossCorrelation,2
bf227f58-33fb-4b57-83b0-3568c99daaa7,Multireg,9
39bcb181-9448-46cc-9dab-1fdb7b9d0a14,Polyfit,9
39bcb181-9448-46cc-9dab-1fdb7b9d0a14,CrossCorrelation,2
39bcb181-9448-46cc-9dab-1fdb7b9d0a14,Multireg,10
e47ad631-c8a2-44fe-8bc4-18c19af2ceb3,Polyfit,9
e47ad631-c8a2-44fe-8bc4-18c19af2ceb3,CrossCorrelation,2
e47ad631-c8a2-44fe-8bc4-18c19af2ceb3,Multireg,10
ebfeae0c-ffcd-4d08-9d22-1b4e50ef3865,Polyfit,10
ebfeae0c-ffcd-4d08-9d22-1b4e50ef3865,CrossCorrelation,2
ebfeae0c-ffcd-4d08-9d22-1b4e50ef3865,Multireg,10
80679ce5-36b6-4499-a945-be806597bdf4,Polyfit,22
80679ce5-36b6-4499-a945-be806597bdf4,CrossCorrelation,5
80679ce5-36b6-4499-a945-be806597bdf4,Multireg,17
7bcad1b1-a704-4409-baaa-05f7cba0c075,Polyfit,25
7bcad1b1-a704-4409-baaa-05f7cba0c075,CrossCorrelation,6
7bcad1b1-a704-4409-baaa-05f7cba0c075,Multireg,19
5454428a-2a3e-4fa7-8fe6-a49d4b220dab,Polyfit,27
5454428a-2a3e-4fa7-8fe6-a49d4b220dab,CrossCorrelation,6
5454428a-2a3e-4fa7-8fe6-a49d4b220dab,Multireg,20
be2be691-ce53-4539-be94-de12b41cb5fc,Polyfit,29
be2be691-ce53-4539-be94-de12b41cb5fc,CrossCorrelation,6
be2be691-ce53-4539-be94-de12b41cb5fc,Multireg,21
1abd7f5e-90a3-4eed-bdc8-c11cef82aa76,Polyfit,86
1abd7f5e-90a3-4eed-bdc8-c11cef82aa76,CrossCorrelation,14
1abd7f5e-90a3-4eed-bdc8-c11cef82aa76,Multireg,54
f4a656b2-4b18-441a-9115-cd78d3e2eb2c,Polyfit,86
f4a656b2-4b18-441a-9115-cd78d3e2eb2c,CrossCorrelation,16
f4a656b2-4b18-441a-9115-cd78d3e2eb2c,Multireg,39
4f62ef83-1f65-42ee-a279-18743356ae6a,Polyfit,4
4f62ef83-1f65-42ee-a279-18743356ae6a,CrossCorrelation,2
4f62ef83-1f65-42ee-a279-18743356ae6a,Multireg,10
df155b00-d4d7-467f-8b00-98dfdb520715,Polyfit,6
df155b00-d4d7-467f-8b00-98dfdb520715,CrossCorrelation,2
df155b00-d4d7-467f-8b00-98dfdb520715,Multireg,9
5e6cecd8-91f7-44b5-b0af-5c64116fff4a,Polyfit,9
5e6cecd8-91f7-44b5-b0af-5c64116fff4a,CrossCorrelation,2
5e6cecd8-91f7-44b5-b0af-5c64116fff4a,Multireg,10
c5e41575-4ffe-49ee-9541-a8720851eddb,Polyfit,9
c5e41575-4ffe-49ee-9541-a8720851eddb,CrossCorrelation,2
c5e41575-4ffe-49ee-9541-a8720851eddb,Multireg,10
5c08f00a-c7f1-40e4-b23c-9f8805807156,Polyfit,10
5c08f00a-c7f1-40e4-b23c-9f8805807156,CrossCorrelation,2
5c08f00a-c7f1-40e4-b23c-9f8805807156,Multireg,10
10f17fa2-3dc1-4c28-a3d0-9858e4f7cb42,Polyfit,21
10f17fa2-3dc1-4c28-a3d0-9858e4f7cb42,CrossCorrelation,5
10f17fa2-3dc1-4c28-a3d0-9858e4f7cb42,Multireg,17
5636bd3b-2b60-46ce-8722-68b684879662,Polyfit,25
5636bd3b-2b60-46ce-8722-68b684879662,CrossCorrelation,6
5636bd3b-2b60-46ce-8722-68b684879662,Multireg,19
c84af320-9754-4b2b-88d2-f8d35a89b2f9,Polyfit,26
c84af320-9754-4b2b-88d2-f8d35a89b2f9,CrossCorrelation,6
c84af320-9754-4b2b-88d2-f8d35a89b2f9,Multireg,20
f058ed85-fe16-4375-b75d-c93dd09edfef,Polyfit,30
f058ed85-fe16-4375-b75d-c93dd09edfef,CrossCorrelation,7
f058ed85-fe16-4375-b75d-c93dd09edfef,Multireg,21
034a5a81-29a8-45d5-a684-a133f344df01,Polyfit,89
034a5a81-29a8-45d5-a684-a133f344df01,CrossCorrelation,14
034a5a81-29a8-45d5-a684-a133f344df01,Multireg,53
3e75fc57-c441-4e0e-a3f2-873b15095f32,Polyfit,87
3e75fc57-c441-4e0e-a3f2-873b15095f32,CrossCorrelation,17
3e75fc57-c441-4e0e-a3f2-873b15095f32,Multireg,48
9dafb01e-674f-4980-bd9e-dd24f0a9a7a0,Polyfit,4
9dafb01e-674f-4980-bd9e-dd24f0a9a7a0,CrossCorrelation,2
9dafb01e-674f-4980-bd9e-dd24f0a9a7a0,Multireg,9
f73dfc20-fd1f-438e-baed-aeced4d39d68,Polyfit,6
f73dfc20-fd1f-438e-baed-aeced4d39d68,CrossCorrelation,2
f73dfc20-fd1f-438e-baed-aeced4d39d68,Multireg,10
d1b6c190-2f98-46d4-8ff8-2fcaf859acc0,Polyfit,9
d1b6c190-2f98-46d4-8ff8-2fcaf859acc0,CrossCorrelation,2
d1b6c190-2f98-46d4-8ff8-2fcaf859acc0,Multireg,10
42eb58e8-dec7-4e5f-8ef9-c95f8da4b15a,Polyfit,9
42eb58e8-dec7-4e5f-8ef9-c95f8da4b15a,CrossCorrelation,2
42eb58e8-dec7-4e5f-8ef9-c95f8da4b15a,Multireg,10
0e2d609d-6864-42aa-9e51-b32d30bd5098,Polyfit,10
0e2d609d-6864-42aa-9e51-b32d30bd5098,CrossCorrelation,4
0e2d609d-6864-42aa-9e51-b32d30bd5098,Multireg,10
0793398a-a083-4972-9577-c0110f3be8d4,Polyfit,21
0793398a-a083-4972-9577-c0110f3be8d4,CrossCorrelation,5
0793398a-a083-4972-9577-c0110f3be8d4,Multireg,17
89177990-736d-4cb1-9938-568fe04d1472,Polyfit,26
89177990-736d-4cb1-9938-568fe04d1472,CrossCorrelation,6
89177990-736d-4cb1-9938-568fe04d1472,Multireg,19
56a20367-1e29-4bd2-bdb9-1b0dc00c805a,Polyfit,30
56a20367-1e29-4bd2-bdb9-1b0dc00c805a,CrossCorrelation,6
56a20367-1e29-4bd2-bdb9-1b0dc00c805a,Multireg,20
eff8f815-0f5a-4a74-9e61-6276939cd2e5,Polyfit,30
eff8f815-0f5a-4a74-9e61-6276939cd2e5,CrossCorrelation,6
eff8f815-0f5a-4a74-9e61-6276939cd2e5,Multireg,21
cce322e2-4be0-4ec7-8be9-e652f0f613e3,Polyfit,90
cce322e2-4be0-4ec7-8be9-e652f0f613e3,CrossCorrelation,14
cce322e2-4be0-4ec7-8be9-e652f0f613e3,Multireg,53
7f6e144e-e77d-4154-99d9-501b8cbc04ea,Polyfit,99
7f6e144e-e77d-4154-99d9-501b8cbc04ea,CrossCorrelation,15
7f6e144e-e77d-4154-99d9-501b8cbc04ea,Multireg,47
69186cbb-2d83-4f31-8bf3-b5850feb5506,Polyfit,4
69186cbb-2d83-4f31-8bf3-b5850feb5506,CrossCorrelation,2
69186cbb-2d83-4f31-8bf3-b5850feb5506,Multireg,9
563dfddb-d050-4fcc-88ba-3b80ca7a33fd,Polyfit,8
563dfddb-d050-4fcc-88ba-3b80ca7a33fd,CrossCorrelation,2
563dfddb-d050-4fcc-88ba-3b80ca7a33fd,Multireg,10
664c191c-b2cf-4bbe-b1f3-ad35e600a065,Polyfit,9
664c191c-b2cf-4bbe-b1f3-ad35e600a065,CrossCorrelation,2
664c191c-b2cf-4bbe-b1f3-ad35e600a065,Multireg,10
df787007-2095-4953-8397-bab0c9b87c0c,Polyfit,9
df787007-2095-4953-8397-bab0c9b87c0c,CrossCorrelation,2
df787007-2095-4953-8397-bab0c9b87c0c,Multireg,10
e2da1f6e-b693-40c2-a171-68a6aaaa6e14,Polyfit,10
e2da1f6e-b693-40c2-a171-68a6aaaa6e14,CrossCorrelation,2
e2da1f6e-b693-40c2-a171-68a6aaaa6e14,Multireg,10
dbfa5599-6214-4174-b5e2-c1f6a5346a4e,Polyfit,21
dbfa5599-6214-4174-b5e2-c1f6a5346a4e,CrossCorrelation,5
dbfa5599-6214-4174-b5e2-c1f6a5346a4e,Multireg,17
a28c1613-f339-4536-ab72-b8c123b7d646,Polyfit,26
a28c1613-f339-4536-ab72-b8c123b7d646,CrossCorrelation,6
a28c1613-f339-4536-ab72-b8c123b7d646,Multireg,20
d347cf4f-4f1f-4b1c-88b2-dbf180417992,Polyfit,27
d347cf4f-4f1f-4b1c-88b2-dbf180417992,CrossCorrelation,6
d347cf4f-4f1f-4b1c-88b2-dbf180417992,Multireg,20
8faca19c-b5f5-43dd-b1bf-7804915b7167,Polyfit,29
8faca19c-b5f5-43dd-b1bf-7804915b7167,CrossCorrelation,6
8faca19c-b5f5-43dd-b1bf-7804915b7167,Multireg,21
a66b52ad-eaac-492d-bd16-80d8c3a5e99a,Polyfit,88
a66b52ad-eaac-492d-bd16-80d8c3a5e99a,CrossCorrelation,14
a66b52ad-eaac-492d-bd16-80d8c3a5e99a,Multireg,53
82b033c8-50e3-4e28-89d5-f41f7f80a635,Polyfit,98
82b033c8-50e3-4e28-89d5-f41f7f80a635,CrossCorrelation,15
82b033c8-50e3-4e28-89d5-f41f7f80a635,Multireg,48
bcd76c12-e542-4e18-a41a-32ad8a185365,Polyfit,4
bcd76c12-e542-4e18-a41a-32ad8a185365,CrossCorrelation,2
bcd76c12-e542-4e18-a41a-32ad8a185365,Multireg,9
ab5bab60-bfce-4790-9db2-90b3db09574d,Polyfit,6
ab5bab60-bfce-4790-9db2-90b3db09574d,CrossCorrelation,2
ab5bab60-bfce-4790-9db2-90b3db09574d,Multireg,9
c41973ce-00e6-4435-829f-1f01f2125c0f,Polyfit,9
c41973ce-00e6-4435-829f-1f01f2125c0f,CrossCorrelation,2
c41973ce-00e6-4435-829f-1f01f2125c0f,Multireg,9
8330708f-3966-44e2-8aef-ac5cb24b2264,Polyfit,9
8330708f-3966-44e2-8aef-ac5cb24b2264,CrossCorrelation,2
8330708f-3966-44e2-8aef-ac5cb24b2264,Multireg,10
a94dca7e-9a7e-4b19-bea1-0ca8fd328029,Polyfit,10
a94dca7e-9a7e-4b19-bea1-0ca8fd328029,CrossCorrelation,2
a94dca7e-9a7e-4b19-bea1-0ca8fd328029,Multireg,10
b6688591-9946-4b35-822c-e8af0eddf1ed,Polyfit,22
b6688591-9946-4b35-822c-e8af0eddf1ed,CrossCorrelation,5
b6688591-9946-4b35-822c-e8af0eddf1ed,Multireg,50
7bf59ff6-3b83-40b8-8977-26ae002ad6f0,Polyfit,26
7bf59ff6-3b83-40b8-8977-26ae002ad6f0,CrossCorrelation,6
7bf59ff6-3b83-40b8-8977-26ae002ad6f0,Multireg,19
5edea078-08d8-4699-8ee0-5347259e38a0,Polyfit,28
5edea078-08d8-4699-8ee0-5347259e38a0,CrossCorrelation,6
5edea078-08d8-4699-8ee0-5347259e38a0,Multireg,20
1799edaf-814d-41bc-8dd4-6607081f3b0a,Polyfit,29
1799edaf-814d-41bc-8dd4-6607081f3b0a,CrossCorrelation,6
1799edaf-814d-41bc-8dd4-6607081f3b0a,Multireg,21
52814268-af6d-442a-a626-4e2727457711,Polyfit,89
52814268-af6d-442a-a626-4e2727457711,CrossCorrelation,14
52814268-af6d-442a-a626-4e2727457711,Multireg,53
16a5e5b3-48a6-4faa-872e-43e0a262a20d,Polyfit,98
16a5e5b3-48a6-4faa-872e-43e0a262a20d,CrossCorrelation,15
16a5e5b3-48a6-4faa-872e-43e0a262a20d,Multireg,48
76961f27-e07e-4cfb-b402-eb5f465fd1ef,Polyfit,4
76961f27-e07e-4cfb-b402-eb5f465fd1ef,CrossCorrelation,2
76961f27-e07e-4cfb-b402-eb5f465fd1ef,Multireg,9
b5d9b84e-d432-4918-87f0-3188931dfb8c,Polyfit,6
b5d9b84e-d432-4918-87f0-3188931dfb8c,CrossCorrelation,2
b5d9b84e-d432-4918-87f0-3188931dfb8c,Multireg,9
368f9ad3-1253-4893-b389-79d84dfdd6e8,Polyfit,9
368f9ad3-1253-4893-b389-79d84dfdd6e8,CrossCorrelation,2
368f9ad3-1253-4893-b389-79d84dfdd6e8,Multireg,9
75aee6e1-79ea-4f50-9074-a08a330ffd22,Polyfit,9
75aee6e1-79ea-4f50-9074-a08a330ffd22,CrossCorrelation,2
75aee6e1-79ea-4f50-9074-a08a330ffd22,Multireg,10
578f54d6-7cb5-47c5-b27a-40023a2a6552,Polyfit,10
578f54d6-7cb5-47c5-b27a-40023a2a6552,CrossCorrelation,2
578f54d6-7cb5-47c5-b27a-40023a2a6552,Multireg,10
e9211920-75a7-45b1-9c3e-903a1f6228f3,Polyfit,22
e9211920-75a7-45b1-9c3e-903a1f6228f3,CrossCorrelation,5
e9211920-75a7-45b1-9c3e-903a1f6228f3,Multireg,17
8cabd0f4-d07b-4ffb-b9ec-18fa756db3b7,Polyfit,26
8cabd0f4-d07b-4ffb-b9ec-18fa756db3b7,CrossCorrelation,6
8cabd0f4-d07b-4ffb-b9ec-18fa756db3b7,Multireg,19
cfa08bc9-1a4a-408d-b006-99d8f60d729f,Polyfit,28
cfa08bc9-1a4a-408d-b006-99d8f60d729f,CrossCorrelation,6
cfa08bc9-1a4a-408d-b006-99d8f60d729f,Multireg,20
83dfd757-e9a2-4c0e-b74f-31f620661003,Polyfit,30
83dfd757-e9a2-4c0e-b74f-31f620661003,CrossCorrelation,6
83dfd757-e9a2-4c0e-b74f-31f620661003,Multireg,21
5341366d-a4c7-4f68-905a-1d0dcb4af924,Polyfit,88
5341366d-a4c7-4f68-905a-1d0dcb4af924,CrossCorrelation,14
5341366d-a4c7-4f68-905a-1d0dcb4af924,Multireg,53
da127bbd-dc9f-40f8-8b9b-9e37da7dc1cb,Polyfit,99
da127bbd-dc9f-40f8-8b9b-9e37da7dc1cb,CrossCorrelation,15
da127bbd-dc9f-40f8-8b9b-9e37da7dc1cb,Multireg,47
410124c5-9985-47f1-b10c-44da103387a2,Polyfit,8
410124c5-9985-47f1-b10c-44da103387a2,CrossCorrelation,4
410124c5-9985-47f1-b10c-44da103387a2,Multireg,15
f8178769-7de5-47b8-b8aa-a3df4c752c37,Polyfit,10
f8178769-7de5-47b8-b8aa-a3df4c752c37,CrossCorrelation,5
f8178769-7de5-47b8-b8aa-a3df4c752c37,Multireg,18
4d68da96-6c64-4d66-936f-2a3ac6d14656,Polyfit,12
4d68da96-6c64-4d66-936f-2a3ac6d14656,CrossCorrelation,5
4d68da96-6c64-4d66-936f-2a3ac6d14656,Multireg,19
bc905003-287d-48be-8ebd-fe6d16b55128,Polyfit,18
bc905003-287d-48be-8ebd-fe6d16b55128,CrossCorrelation,4
bc905003-287d-48be-8ebd-fe6d16b55128,Multireg,18
330ec5c6-5a8e-4d18-8151-99d55e813bba,Polyfit,4
330ec5c6-5a8e-4d18-8151-99d55e813bba,CrossCorrelation,2
330ec5c6-5a8e-4d18-8151-99d55e813bba,Multireg,9
f3520367-0ce3-48fc-a27c-965289b771a7,Polyfit,21
f3520367-0ce3-48fc-a27c-965289b771a7,CrossCorrelation,5
f3520367-0ce3-48fc-a27c-965289b771a7,Multireg,20
f3544a37-4218-45b4-ae40-84cae1b29fd6,Polyfit,22
f3544a37-4218-45b4-ae40-84cae1b29fd6,CrossCorrelation,5
f3544a37-4218-45b4-ae40-84cae1b29fd6,Multireg,19
96af2a7f-daef-4124-9957-d395daf9688c,Polyfit,10
96af2a7f-daef-4124-9957-d395daf9688c,CrossCorrelation,5
96af2a7f-daef-4124-9957-d395daf9688c,Multireg,18
0ca0748a-e6b2-4108-b861-04e152f7b675,Polyfit,5
0ca0748a-e6b2-4108-b861-04e152f7b675,CrossCorrelation,1
0ca0748a-e6b2-4108-b861-04e152f7b675,Multireg,3
aa05440f-b417-4b48-9c4e-0e348b265006,Polyfit,22
aa05440f-b417-4b48-9c4e-0e348b265006,CrossCorrelation,5
aa05440f-b417-4b48-9c4e-0e348b265006,Multireg,20
fa4945a0-86ce-42bf-8fbb-ecb225c10a3c,Polyfit,5
fa4945a0-86ce-42bf-8fbb-ecb225c10a3c,CrossCorrelation,1
fa4945a0-86ce-42bf-8fbb-ecb225c10a3c,Multireg,3
b1aef82d-2375-4cd8-a69d-01c6f262f5f8,Polyfit,7
40aabc9b-5727-4d94-8f2e-6374262a0923,CrossCorrelation,2
f7f99e8d-d23d-4227-97e4-f7d679f6aa08,Multireg,10
5886d5c5-1cd3-49f1-ad0e-198ff7c0826f,Multireg,10
5886d5c5-1cd3-49f1-ad0e-198ff7c0826f,Polyfit,4
07c3ec00-9554-4aaf-9db5-45a5b0bd3f5f,Polyfit,4
07c3ec00-9554-4aaf-9db5-45a5b0bd3f5f,CrossCorrelation,2
07c3ec00-9554-4aaf-9db5-45a5b0bd3f5f,Multireg,9
410f6c38-1d0c-43b2-9572-a4a497dae2a2,Polyfit,6
410f6c38-1d0c-43b2-9572-a4a497dae2a2,CrossCorrelation,2
410f6c38-1d0c-43b2-9572-a4a497dae2a2,Multireg,10
2b6abb8f-2e3b-4bf2-b545-1668fa06961b,Polyfit,9
2b6abb8f-2e3b-4bf2-b545-1668fa06961b,CrossCorrelation,2
2b6abb8f-2e3b-4bf2-b545-1668fa06961b,Multireg,10
9aa8bf77-c27a-4376-95b7-f5c4819e8913,Polyfit,10
9aa8bf77-c27a-4376-95b7-f5c4819e8913,CrossCorrelation,2
9aa8bf77-c27a-4376-95b7-f5c4819e8913,Multireg,10
fd74ee01-763a-4312-9d48-747e13ae6a28,Polyfit,10
fd74ee01-763a-4312-9d48-747e13ae6a28,CrossCorrelation,2
fd74ee01-763a-4312-9d48-747e13ae6a28,Multireg,10
491b4b54-c325-4c55-a50a-61a00e6935ba,Polyfit,22
491b4b54-c325-4c55-a50a-61a00e6935ba,CrossCorrelation,5
491b4b54-c325-4c55-a50a-61a00e6935ba,Multireg,17
0d9f7dca-a1e5-4013-bdd8-60fd801f6ae9,Polyfit,26
0d9f7dca-a1e5-4013-bdd8-60fd801f6ae9,CrossCorrelation,6
0d9f7dca-a1e5-4013-bdd8-60fd801f6ae9,Multireg,19
286a26ee-f6c0-4fab-b269-066a5d7f1a13,Polyfit,29
286a26ee-f6c0-4fab-b269-066a5d7f1a13,CrossCorrelation,6
286a26ee-f6c0-4fab-b269-066a5d7f1a13,Multireg,20
6e35b476-bd64-4769-a2c5-4553478a7bc2,Polyfit,30
6e35b476-bd64-4769-a2c5-4553478a7bc2,CrossCorrelation,7
6e35b476-bd64-4769-a2c5-4553478a7bc2,Multireg,21
d14b05e9-dd13-4558-8c4c-d3c98256af7d,Polyfit,88
d14b05e9-dd13-4558-8c4c-d3c98256af7d,CrossCorrelation,14
d14b05e9-dd13-4558-8c4c-d3c98256af7d,Multireg,54
0f3924b1-5886-43a1-92a4-3a27b5dbea1e,Polyfit,98
0f3924b1-5886-43a1-92a4-3a27b5dbea1e,CrossCorrelation,15
0f3924b1-5886-43a1-92a4-3a27b5dbea1e,Multireg,48
d0b237a1-ab5d-41b3-a282-89bd457988a3,Polyfit,5
d0b237a1-ab5d-41b3-a282-89bd457988a3,CrossCorrelation,2
d0b237a1-ab5d-41b3-a282-89bd457988a3,Multireg,11
09ea3748-bb5e-4fe3-a974-a856c52619a5,Polyfit,6
09ea3748-bb5e-4fe3-a974-a856c52619a5,CrossCorrelation,2
09ea3748-bb5e-4fe3-a974-a856c52619a5,Multireg,10
28426b5c-cf62-479d-98b0-c28c8eca0a04,Polyfit,9
28426b5c-cf62-479d-98b0-c28c8eca0a04,CrossCorrelation,2
28426b5c-cf62-479d-98b0-c28c8eca0a04,Multireg,14
7ba0c527-c4a6-440f-a6a8-ec70d79e8675,Polyfit,10
7ba0c527-c4a6-440f-a6a8-ec70d79e8675,CrossCorrelation,2
7ba0c527-c4a6-440f-a6a8-ec70d79e8675,Multireg,10
28a61dbe-4193-49c0-a4bc-32c2123b07ee,Polyfit,10
28a61dbe-4193-49c0-a4bc-32c2123b07ee,CrossCorrelation,3
28a61dbe-4193-49c0-a4bc-32c2123b07ee,Multireg,10
ec0f4b52-7f9f-4a08-86dd-49906cce75c9,Polyfit,22
ec0f4b52-7f9f-4a08-86dd-49906cce75c9,CrossCorrelation,5
ec0f4b52-7f9f-4a08-86dd-49906cce75c9,Multireg,17
69eb782e-e076-4934-bd47-2b69b1d67465,Polyfit,27
69eb782e-e076-4934-bd47-2b69b1d67465,CrossCorrelation,6
69eb782e-e076-4934-bd47-2b69b1d67465,Multireg,20
987e63d4-18ff-4cd5-a22a-b770c7f1eeaf,Polyfit,28
987e63d4-18ff-4cd5-a22a-b770c7f1eeaf,CrossCorrelation,6
987e63d4-18ff-4cd5-a22a-b770c7f1eeaf,Multireg,20
3dcd6cb2-7fc2-42b0-9227-91b300530384,Polyfit,31
3dcd6cb2-7fc2-42b0-9227-91b300530384,CrossCorrelation,6
3dcd6cb2-7fc2-42b0-9227-91b300530384,Multireg,21
564ea5e0-7261-47fa-b013-fbc4a0d16cf9,Polyfit,89
564ea5e0-7261-47fa-b013-fbc4a0d16cf9,CrossCorrelation,14
564ea5e0-7261-47fa-b013-fbc4a0d16cf9,Multireg,54
e0ca3160-aafd-4f9b-b98a-b896d879d994,Polyfit,97
e0ca3160-aafd-4f9b-b98a-b896d879d994,CrossCorrelation,16
e0ca3160-aafd-4f9b-b98a-b896d879d994,Multireg,47
12c4dc96-c6a6-4b99-90e7-858b297923fa,Polyfit,4
12c4dc96-c6a6-4b99-90e7-858b297923fa,CrossCorrelation,2
12c4dc96-c6a6-4b99-90e7-858b297923fa,Multireg,10
7863569d-8e33-48e8-95f5-efc1cdc5f477,Polyfit,8
7863569d-8e33-48e8-95f5-efc1cdc5f477,CrossCorrelation,2
7863569d-8e33-48e8-95f5-efc1cdc5f477,Multireg,10
8a8f57fa-3615-44f4-a978-bd4f7c60c08e,Polyfit,9
8a8f57fa-3615-44f4-a978-bd4f7c60c08e,CrossCorrelation,2
8a8f57fa-3615-44f4-a978-bd4f7c60c08e,Multireg,10
aa18fb59-a40f-451f-901d-1ecfce8fb6f1,Polyfit,9
aa18fb59-a40f-451f-901d-1ecfce8fb6f1,CrossCorrelation,2
aa18fb59-a40f-451f-901d-1ecfce8fb6f1,Multireg,10
34287648-90f5-4609-908f-6f05c516de73,Polyfit,10
34287648-90f5-4609-908f-6f05c516de73,CrossCorrelation,2
34287648-90f5-4609-908f-6f05c516de73,Multireg,10
4e81670b-9597-4847-9ef4-2b237627b93b,Polyfit,22
4e81670b-9597-4847-9ef4-2b237627b93b,CrossCorrelation,5
4e81670b-9597-4847-9ef4-2b237627b93b,Multireg,18
1eebe95b-e09e-470d-b388-aa68b34ceee3,Polyfit,27
1eebe95b-e09e-470d-b388-aa68b34ceee3,CrossCorrelation,6
1eebe95b-e09e-470d-b388-aa68b34ceee3,Multireg,19
dcda56c4-ef89-4f7a-a0fa-16b51fe91a34,Polyfit,27
dcda56c4-ef89-4f7a-a0fa-16b51fe91a34,CrossCorrelation,6
dcda56c4-ef89-4f7a-a0fa-16b51fe91a34,Multireg,20
26d833be-063a-4f0f-a46c-79857989e219,Polyfit,30
26d833be-063a-4f0f-a46c-79857989e219,CrossCorrelation,7
26d833be-063a-4f0f-a46c-79857989e219,Multireg,21
28610039-5234-4750-8ecf-ef9a148dbf97,Polyfit,90
28610039-5234-4750-8ecf-ef9a148dbf97,CrossCorrelation,14
28610039-5234-4750-8ecf-ef9a148dbf97,Multireg,78
d883a8f4-1db6-4ea6-a472-b4cbe711c6ec,Polyfit,100
d883a8f4-1db6-4ea6-a472-b4cbe711c6ec,CrossCorrelation,16
d883a8f4-1db6-4ea6-a472-b4cbe711c6ec,Multireg,48
a251560a-43fd-4c64-a9c0-78e712c8ab39,Polyfit,4
a251560a-43fd-4c64-a9c0-78e712c8ab39,CrossCorrelation,2
a251560a-43fd-4c64-a9c0-78e712c8ab39,Multireg,9
671d2bfc-0e8a-48fb-8982-70711d8c35db,Polyfit,7
671d2bfc-0e8a-48fb-8982-70711d8c35db,CrossCorrelation,3
671d2bfc-0e8a-48fb-8982-70711d8c35db,Multireg,10
6858cb35-0111-4729-9fba-73fc6050e471,Polyfit,9
6858cb35-0111-4729-9fba-73fc6050e471,CrossCorrelation,2
6858cb35-0111-4729-9fba-73fc6050e471,Multireg,10
b8d24b83-040e-4c35-9e15-d5a95f3a7ebf,Polyfit,9
b8d24b83-040e-4c35-9e15-d5a95f3a7ebf,CrossCorrelation,2
b8d24b83-040e-4c35-9e15-d5a95f3a7ebf,Multireg,10
5a97dd16-fbe4-4e13-9ff2-f4856b465ba1,Polyfit,10
5a97dd16-fbe4-4e13-9ff2-f4856b465ba1,CrossCorrelation,2
5a97dd16-fbe4-4e13-9ff2-f4856b465ba1,Multireg,10
18c6c232-9afb-43f0-94fa-73e77c185c43,Polyfit,22
18c6c232-9afb-43f0-94fa-73e77c185c43,CrossCorrelation,5
18c6c232-9afb-43f0-94fa-73e77c185c43,Multireg,17
2c13fb08-3b16-4249-beb2-ad0f27455d27,Polyfit,27
2c13fb08-3b16-4249-beb2-ad0f27455d27,CrossCorrelation,6
2c13fb08-3b16-4249-beb2-ad0f27455d27,Multireg,20
ce0c833b-c963-46e7-aa6e-677785f6ff17,Polyfit,28
ce0c833b-c963-46e7-aa6e-677785f6ff17,CrossCorrelation,6
ce0c833b-c963-46e7-aa6e-677785f6ff17,Multireg,25
51aa2ca2-96eb-4f4d-867c-cd79381d6e99,Polyfit,29
51aa2ca2-96eb-4f4d-867c-cd79381d6e99,CrossCorrelation,6
51aa2ca2-96eb-4f4d-867c-cd79381d6e99,Multireg,21
30c81443-c7ca-41ae-a2ad-b61c06662f9d,Polyfit,89
30c81443-c7ca-41ae-a2ad-b61c06662f9d,CrossCorrelation,14
30c81443-c7ca-41ae-a2ad-b61c06662f9d,Multireg,54
79086e9b-fd92-4a9b-9e2d-ae99a218e31c,Polyfit,99
79086e9b-fd92-4a9b-9e2d-ae99a218e31c,CrossCorrelation,15
79086e9b-fd92-4a9b-9e2d-ae99a218e31c,Multireg,48
460c1dae-0bbb-4e3c-8121-88b89664efc8,Polyfit,4
460c1dae-0bbb-4e3c-8121-88b89664efc8,CrossCorrelation,2
460c1dae-0bbb-4e3c-8121-88b89664efc8,Multireg,12
66f10010-d863-4654-bf55-d7677ec26d21,Polyfit,6
66f10010-d863-4654-bf55-d7677ec26d21,CrossCorrelation,2
66f10010-d863-4654-bf55-d7677ec26d21,Multireg,10
20779940-bef1-4be5-9ebd-48b7e6260ca6,Polyfit,9
20779940-bef1-4be5-9ebd-48b7e6260ca6,CrossCorrelation,2
20779940-bef1-4be5-9ebd-48b7e6260ca6,Multireg,10
e1b78c85-9872-47f8-aeb3-0bd25a6a72b4,Polyfit,10
e1b78c85-9872-47f8-aeb3-0bd25a6a72b4,CrossCorrelation,2
e1b78c85-9872-47f8-aeb3-0bd25a6a72b4,Multireg,10
aea9e93f-da7c-4aac-bebf-82c41cadd41e,Polyfit,10
aea9e93f-da7c-4aac-bebf-82c41cadd41e,CrossCorrelation,2
aea9e93f-da7c-4aac-bebf-82c41cadd41e,Multireg,10
186d369f-ebb5-4360-8634-93a354109d73,Polyfit,21
186d369f-ebb5-4360-8634-93a354109d73,CrossCorrelation,5
186d369f-ebb5-4360-8634-93a354109d73,Multireg,17
293be993-7b16-4624-93a8-66f9ee518f22,Polyfit,25
293be993-7b16-4624-93a8-66f9ee518f22,CrossCorrelation,5
293be993-7b16-4624-93a8-66f9ee518f22,Multireg,19
b8f2dafb-c809-46ca-887b-dfffa68acef2,Polyfit,28
b8f2dafb-c809-46ca-887b-dfffa68acef2,CrossCorrelation,6
b8f2dafb-c809-46ca-887b-dfffa68acef2,Multireg,20
389b04c1-5f36-464d-a987-143b810b2f49,Polyfit,29
389b04c1-5f36-464d-a987-143b810b2f49,CrossCorrelation,6
389b04c1-5f36-464d-a987-143b810b2f49,Multireg,21
db2f7073-b565-4fbc-93c3-bb9cc125cc7b,Polyfit,94
db2f7073-b565-4fbc-93c3-bb9cc125cc7b,CrossCorrelation,15
db2f7073-b565-4fbc-93c3-bb9cc125cc7b,Multireg,66
c6c07e65-3889-4f2b-8f8a-432a0e402eed,Polyfit,99
c6c07e65-3889-4f2b-8f8a-432a0e402eed,CrossCorrelation,16
c6c07e65-3889-4f2b-8f8a-432a0e402eed,Multireg,49
d8ff87ba-44de-48ce-87d1-2a34b8c2b131,Polyfit,4
d8ff87ba-44de-48ce-87d1-2a34b8c2b131,CrossCorrelation,2
d8ff87ba-44de-48ce-87d1-2a34b8c2b131,Multireg,10
40ff08e9-60fb-410d-a718-af5507c4b382,Polyfit,6
40ff08e9-60fb-410d-a718-af5507c4b382,CrossCorrelation,2
40ff08e9-60fb-410d-a718-af5507c4b382,Multireg,10
ff1f6d9f-adc6-48dc-a5e4-b5a0b673f673,Polyfit,9
ff1f6d9f-adc6-48dc-a5e4-b5a0b673f673,CrossCorrelation,2
ff1f6d9f-adc6-48dc-a5e4-b5a0b673f673,Multireg,10
5e21401d-a093-4fef-9f84-bcf600a8b67f,Polyfit,9
5e21401d-a093-4fef-9f84-bcf600a8b67f,CrossCorrelation,2
5e21401d-a093-4fef-9f84-bcf600a8b67f,Multireg,10
061613c1-7d48-4b05-84db-419254a827cd,Polyfit,10
061613c1-7d48-4b05-84db-419254a827cd,CrossCorrelation,2
061613c1-7d48-4b05-84db-419254a827cd,Multireg,10
a635aa47-14cf-4579-a3e0-2ba1b8e57e90,Polyfit,22
a635aa47-14cf-4579-a3e0-2ba1b8e57e90,CrossCorrelation,5
a635aa47-14cf-4579-a3e0-2ba1b8e57e90,Multireg,17
fbcfc651-b469-4261-a67a-bcd5d30f51ec,Polyfit,25
fbcfc651-b469-4261-a67a-bcd5d30f51ec,CrossCorrelation,6
fbcfc651-b469-4261-a67a-bcd5d30f51ec,Multireg,20
6f45a4d7-14a2-4cb8-b0f6-0516da6e25c3,Polyfit,28
6f45a4d7-14a2-4cb8-b0f6-0516da6e25c3,CrossCorrelation,6
6f45a4d7-14a2-4cb8-b0f6-0516da6e25c3,Multireg,20
7ae584d4-10ec-4657-a58b-91d11600302b,Polyfit,30
7ae584d4-10ec-4657-a58b-91d11600302b,CrossCorrelation,6
7ae584d4-10ec-4657-a58b-91d11600302b,Multireg,21
c383cabb-5bc6-4afc-a03a-5d8ce1bc42cd,Polyfit,89
c383cabb-5bc6-4afc-a03a-5d8ce1bc42cd,CrossCorrelation,14
c383cabb-5bc6-4afc-a03a-5d8ce1bc42cd,Multireg,55
3134cd42-09db-47ab-b954-48eac1000f09,Polyfit,100
3134cd42-09db-47ab-b954-48eac1000f09,CrossCorrelation,16
3134cd42-09db-47ab-b954-48eac1000f09,Multireg,48
18c2a711-9443-4b50-86c8-6ba995d33937,Polyfit,4
18c2a711-9443-4b50-86c8-6ba995d33937,CrossCorrelation,2
18c2a711-9443-4b50-86c8-6ba995d33937,Multireg,10
b3cb06f6-fd90-4266-a2f2-63a62e14738e,Polyfit,8
b3cb06f6-fd90-4266-a2f2-63a62e14738e,CrossCorrelation,2
b3cb06f6-fd90-4266-a2f2-63a62e14738e,Multireg,10
5661e11f-ba45-49d7-b149-b690383bb5a3,Polyfit,10
5661e11f-ba45-49d7-b149-b690383bb5a3,CrossCorrelation,3
5661e11f-ba45-49d7-b149-b690383bb5a3,Multireg,15
29487beb-4762-4105-8fbc-81bff1f37246,Polyfit,9
29487beb-4762-4105-8fbc-81bff1f37246,CrossCorrelation,2
29487beb-4762-4105-8fbc-81bff1f37246,Multireg,10
c707d94b-387d-4cc6-8f4a-db7105f58642,Polyfit,10
c707d94b-387d-4cc6-8f4a-db7105f58642,CrossCorrelation,2
c707d94b-387d-4cc6-8f4a-db7105f58642,Multireg,10
fe7fc307-967c-432b-8db8-8f56d1b5e222,Polyfit,23
fe7fc307-967c-432b-8db8-8f56d1b5e222,CrossCorrelation,5
fe7fc307-967c-432b-8db8-8f56d1b5e222,Multireg,17
0a1ffaab-4828-4a19-9e32-0f1e10f1f318,Polyfit,28
0a1ffaab-4828-4a19-9e32-0f1e10f1f318,CrossCorrelation,6
0a1ffaab-4828-4a19-9e32-0f1e10f1f318,Multireg,19
79966c48-05be-4cb7-a441-d840c52a2c3f,Polyfit,27
79966c48-05be-4cb7-a441-d840c52a2c3f,CrossCorrelation,6
79966c48-05be-4cb7-a441-d840c52a2c3f,Multireg,20
4aef6877-0de6-4844-b012-899091aed490,Polyfit,30
4aef6877-0de6-4844-b012-899091aed490,CrossCorrelation,6
4aef6877-0de6-4844-b012-899091aed490,Multireg,21
40d30f72-38b7-4c75-a087-48a0a5913ebd,Polyfit,91
40d30f72-38b7-4c75-a087-48a0a5913ebd,CrossCorrelation,14
40d30f72-38b7-4c75-a087-48a0a5913ebd,Multireg,55
468bca9c-ba49-4be7-891c-4ec28e2c4c6e,Polyfit,100
468bca9c-ba49-4be7-891c-4ec28e2c4c6e,CrossCorrelation,15
468bca9c-ba49-4be7-891c-4ec28e2c4c6e,Multireg,48
c5284f0c-f8d2-4482-9223-a315c08a4955,Polyfit,4
c5284f0c-f8d2-4482-9223-a315c08a4955,CrossCorrelation,2
c5284f0c-f8d2-4482-9223-a315c08a4955,Multireg,10
80bcef22-9511-4b01-9578-d71aa8420d35,Polyfit,6
80bcef22-9511-4b01-9578-d71aa8420d35,CrossCorrelation,2
80bcef22-9511-4b01-9578-d71aa8420d35,Multireg,12
242febd0-aff5-46c0-a23e-a8bfa7e5133c,Polyfit,9
242febd0-aff5-46c0-a23e-a8bfa7e5133c,CrossCorrelation,2
242febd0-aff5-46c0-a23e-a8bfa7e5133c,Multireg,10
fad79585-aab6-4707-a74f-8a6fe2999757,Polyfit,9
fad79585-aab6-4707-a74f-8a6fe2999757,CrossCorrelation,2
fad79585-aab6-4707-a74f-8a6fe2999757,Multireg,10
c6d1ce2f-ead0-4086-a0e8-bff016e89f33,Polyfit,10
c6d1ce2f-ead0-4086-a0e8-bff016e89f33,CrossCorrelation,2
c6d1ce2f-ead0-4086-a0e8-bff016e89f33,Multireg,10
8dd9d376-d0ac-4251-8418-f4ced0482367,Polyfit,22
8dd9d376-d0ac-4251-8418-f4ced0482367,CrossCorrelation,5
8dd9d376-d0ac-4251-8418-f4ced0482367,Multireg,17
e25fe554-5dd6-433a-b838-cec0c8dad784,Polyfit,26
e25fe554-5dd6-433a-b838-cec0c8dad784,CrossCorrelation,6
e25fe554-5dd6-433a-b838-cec0c8dad784,Multireg,19
7c26b1f9-3f74-43dc-85cf-d5e0896894ea,Polyfit,28
7c26b1f9-3f74-43dc-85cf-d5e0896894ea,CrossCorrelation,6
7c26b1f9-3f74-43dc-85cf-d5e0896894ea,Multireg,20
be323310-e66b-41e0-9d62-a7314a2d90e2,Polyfit,30
be323310-e66b-41e0-9d62-a7314a2d90e2,CrossCorrelation,6
be323310-e66b-41e0-9d62-a7314a2d90e2,Multireg,21
21dbe079-c092-43e1-8c1d-0a897edc3b21,Polyfit,90
21dbe079-c092-43e1-8c1d-0a897edc3b21,CrossCorrelation,14
21dbe079-c092-43e1-8c1d-0a897edc3b21,Multireg,55
30f632b3-e2f2-4fca-b4ba-ca919bd6575c,Polyfit,100
30f632b3-e2f2-4fca-b4ba-ca919bd6575c,CrossCorrelation,16
30f632b3-e2f2-4fca-b4ba-ca919bd6575c,Multireg,48
fd1546b8-7411-4864-bfbe-7fd35f2d226b,Polyfit,4
fd1546b8-7411-4864-bfbe-7fd35f2d226b,CrossCorrelation,2
fd1546b8-7411-4864-bfbe-7fd35f2d226b,Multireg,10
b6f236c7-48ee-4835-9ec4-32ea99d50559,Polyfit,6
b6f236c7-48ee-4835-9ec4-32ea99d50559,CrossCorrelation,2
b6f236c7-48ee-4835-9ec4-32ea99d50559,Multireg,10
3db2d4e2-fdc6-4643-b236-279c5f575dfd,Polyfit,9
3db2d4e2-fdc6-4643-b236-279c5f575dfd,CrossCorrelation,2
3db2d4e2-fdc6-4643-b236-279c5f575dfd,Multireg,10
4682d8ff-eea2-4f19-a585-c75184623b24,Polyfit,9
4682d8ff-eea2-4f19-a585-c75184623b24,CrossCorrelation,2
4682d8ff-eea2-4f19-a585-c75184623b24,Multireg,10
19af4894-4796-4009-994b-708e01fa0408,Polyfit,10
19af4894-4796-4009-994b-708e01fa0408,CrossCorrelation,2
19af4894-4796-4009-994b-708e01fa0408,Multireg,10
d103a0b2-5f97-4e4c-9908-2c6d08bc0bb5,Polyfit,21
d103a0b2-5f97-4e4c-9908-2c6d08bc0bb5,CrossCorrelation,5
d103a0b2-5f97-4e4c-9908-2c6d08bc0bb5,Multireg,17
a079e477-7e7e-4843-8859-94299bcd861a,Polyfit,26
a079e477-7e7e-4843-8859-94299bcd861a,CrossCorrelation,6
a079e477-7e7e-4843-8859-94299bcd861a,Multireg,20
58c2decb-cbbb-4403-b66c-3516a94d0753,Polyfit,30
58c2decb-cbbb-4403-b66c-3516a94d0753,CrossCorrelation,6
58c2decb-cbbb-4403-b66c-3516a94d0753,Multireg,20
8581b4a5-e390-438f-a41e-cf5fad6d7249,Polyfit,29
8581b4a5-e390-438f-a41e-cf5fad6d7249,CrossCorrelation,6
8581b4a5-e390-438f-a41e-cf5fad6d7249,Multireg,21
89e4310e-feca-4af7-a35f-75e18349d0e7,Polyfit,89
89e4310e-feca-4af7-a35f-75e18349d0e7,CrossCorrelation,14
89e4310e-feca-4af7-a35f-75e18349d0e7,Multireg,54
5a4979d2-4c65-45d4-8967-482d02dee01f,Polyfit,99
5a4979d2-4c65-45d4-8967-482d02dee01f,CrossCorrelation,15
5a4979d2-4c65-45d4-8967-482d02dee01f,Multireg,48
9c236dfb-cd69-44e7-9f15-435a7eda8bf0,Polyfit,4
9c236dfb-cd69-44e7-9f15-435a7eda8bf0,CrossCorrelation,2
9c236dfb-cd69-44e7-9f15-435a7eda8bf0,Multireg,10
f6acd339-d0ba-4c35-ae93-bbc72417da8c,Polyfit,6
f6acd339-d0ba-4c35-ae93-bbc72417da8c,CrossCorrelation,2
f6acd339-d0ba-4c35-ae93-bbc72417da8c,Multireg,10
1c3a821f-f9e6-4647-883b-ad9aed8b8e96,Polyfit,9
1c3a821f-f9e6-4647-883b-ad9aed8b8e96,CrossCorrelation,2
1c3a821f-f9e6-4647-883b-ad9aed8b8e96,Multireg,10
429f9063-05ac-4122-a3fc-f1647d737b12,Polyfit,9
429f9063-05ac-4122-a3fc-f1647d737b12,CrossCorrelation,2
429f9063-05ac-4122-a3fc-f1647d737b12,Multireg,10
0dba0182-f973-4f5f-90c8-79b94a00f794,Polyfit,10
0dba0182-f973-4f5f-90c8-79b94a00f794,CrossCorrelation,2
0dba0182-f973-4f5f-90c8-79b94a00f794,Multireg,10
f0a73304-74f0-4e1e-96fb-ce68dfbcaf0e,Polyfit,22
f0a73304-74f0-4e1e-96fb-ce68dfbcaf0e,CrossCorrelation,5
f0a73304-74f0-4e1e-96fb-ce68dfbcaf0e,Multireg,17
03ddb8fa-1999-44d8-bf7a-78da8b0dea47,Polyfit,26
03ddb8fa-1999-44d8-bf7a-78da8b0dea47,CrossCorrelation,6
03ddb8fa-1999-44d8-bf7a-78da8b0dea47,Multireg,19
d655cadb-17ff-4d42-bd91-0ac214679179,Polyfit,27
d655cadb-17ff-4d42-bd91-0ac214679179,CrossCorrelation,6
d655cadb-17ff-4d42-bd91-0ac214679179,Multireg,20
52fa342b-bac6-402c-9b34-cdf4d9e5dac6,Polyfit,30
52fa342b-bac6-402c-9b34-cdf4d9e5dac6,CrossCorrelation,6
52fa342b-bac6-402c-9b34-cdf4d9e5dac6,Multireg,20
0365f4e8-2dfe-4ed4-ad91-64fce29613c9,Polyfit,88
0365f4e8-2dfe-4ed4-ad91-64fce29613c9,CrossCorrelation,14
0365f4e8-2dfe-4ed4-ad91-64fce29613c9,Multireg,53
f77b9501-6616-4183-b12d-9c6618c736b7,Polyfit,100
f77b9501-6616-4183-b12d-9c6618c736b7,CrossCorrelation,16
f77b9501-6616-4183-b12d-9c6618c736b7,Multireg,51
2a4e2740-964c-42cc-8cf1-a3cba7db0c91,Polyfit,8
2a4e2740-964c-42cc-8cf1-a3cba7db0c91,CrossCorrelation,4
2a4e2740-964c-42cc-8cf1-a3cba7db0c91,Multireg,16
409e8147-c4ab-4509-bf2b-100b80e1ac2c,Polyfit,10
409e8147-c4ab-4509-bf2b-100b80e1ac2c,CrossCorrelation,5
409e8147-c4ab-4509-bf2b-100b80e1ac2c,Multireg,19
9b9e6272-4b72-4e49-8c62-ae45acefeb0e,Polyfit,10
9b9e6272-4b72-4e49-8c62-ae45acefeb0e,CrossCorrelation,5
9b9e6272-4b72-4e49-8c62-ae45acefeb0e,Multireg,19
3b0d102f-4ee6-4c68-a494-ba4009bb6819,Polyfit,18
3b0d102f-4ee6-4c68-a494-ba4009bb6819,CrossCorrelation,4
3b0d102f-4ee6-4c68-a494-ba4009bb6819,Multireg,16
320756e6-c629-4705-91b1-b35cf77402ee,Polyfit,4
320756e6-c629-4705-91b1-b35cf77402ee,CrossCorrelation,2
320756e6-c629-4705-91b1-b35cf77402ee,Multireg,10
0d6b3a5b-1a4e-4d99-890d-4ca73306c673,Polyfit,24
0d6b3a5b-1a4e-4d99-890d-4ca73306c673,CrossCorrelation,5
0d6b3a5b-1a4e-4d99-890d-4ca73306c673,Multireg,19
ed1ce945-be8c-47c5-83b4-c4b72a01cc27,Polyfit,5
ed1ce945-be8c-47c5-83b4-c4b72a01cc27,CrossCorrelation,1
ed1ce945-be8c-47c5-83b4-c4b72a01cc27,Multireg,3
af3c1188-35fd-44ed-9bc9-f6a387409093,Polyfit,18
af3c1188-35fd-44ed-9bc9-f6a387409093,CrossCorrelation,4
af3c1188-35fd-44ed-9bc9-f6a387409093,Multireg,18
eaf41421-0269-40e4-913b-583ee5875d17,Polyfit,20
eaf41421-0269-40e4-913b-583ee5875d17,CrossCorrelation,4
eaf41421-0269-40e4-913b-583ee5875d17,Multireg,16
85a3de82-46c8-4a47-902f-97f55674b1fa,Polyfit,22
85a3de82-46c8-4a47-902f-97f55674b1fa,CrossCorrelation,5
85a3de82-46c8-4a47-902f-97f55674b1fa,Multireg,20
